day,numbers,dayoff,work,outsidework,workfhome,dinner_t,Month,Date,bobd,soupd,maind,present
3,2601,50,150,238,0.0,331.0,02,01,65,223,340,2163
4,2601,50,173,319,0.0,560.0,02,02,109,182,334,2059
2,2601,56,180,111,0.0,573.0,02,03,65,243,429,2254
1,2601,104,220,355,0.0,525.0,02,04,34,212,171,1922
0,2601,278,181,34,0.0,330.0,02,05,65,239,91,2108
1,2601,383,143,417,0.0,550.0,02,11,96,83,56,1658
0,2601,389,156,93,0.0,598.0,02,12,65,32,192,1963
3,2601,87,204,482,0.0,672.0,02,15,65,280,143,1828
4,2601,72,236,526,0.0,523.0,02,16,65,67,267,1767
2,2601,78,250,23,0.0,588.0,02,17,43,83,239,2250
1,2601,77,254,367,0.0,489.0,02,18,65,166,173,1903
0,2601,145,252,69,0.0,597.0,02,19,65,149,63,2135
3,2601,90,207,434,0.0,645.0,02,22,65,206,153,1870
4,2601,57,237,488,0.0,610.0,02,23,65,256,413,1819
2,2601,54,232,14,0.0,514.0,02,24,65,193,166,2301
1,2601,56,261,335,0.0,531.0,02,25,8,225,53,1949
0,2601,144,278,42,0.0,585.0,02,26,65,54,223,2137
3,2601,595,168,110,0.0,344.0,02,29,65,124,75,1728
2,2624,127,182,261,0.0,631.0,03,02,65,67,203,2054
1,2624,61,224,351,0.0,473.0,03,03,32,212,154,1988
0,2624,83,247,79,0.0,673.0,03,04,65,198,197,2215
3,2624,50,195,456,0.0,625.0,03,07,65,58,124,1923
4,2624,47,212,426,0.0,609.0,03,08,105,2,270,1939
2,2624,43,225,0,0.0,523.0,03,09,65,223,245,2356
1,2624,55,245,290,0.0,525.0,03,10,41,233,24,2034
0,2624,108,275,76,0.0,591.0,03,11,65,191,383,2165
3,2624,61,183,376,0.0,586.0,03,14,65,53,10,2004
4,2624,38,231,399,0.0,545.0,03,15,90,11,361,1956
2,2624,50,213,0,0.0,531.0,03,16,65,140,425,2361
1,2624,52,242,327,0.0,548.0,03,17,111,181,194,2003
0,2624,118,277,57,0.0,521.0,03,18,65,55,339,2172
3,2624,65,205,329,0.0,605.0,03,21,65,162,297,2025
4,2624,41,208,378,0.0,585.0,03,22,6,2,362,1997
2,2624,42,236,0,0.0,544.0,03,23,65,179,135,2346
1,2624,53,251,293,0.0,507.0,03,24,96,116,56,2027
0,2624,98,275,59,0.0,523.0,03,25,65,48,82,2192
3,2624,77,197,299,0.0,637.0,03,28,65,256,334,2051
4,2624,52,245,259,0.0,465.0,03,29,120,219,130,2068
2,2624,48,230,0,0.0,463.0,03,30,65,182,143,2346
1,2624,36,248,158,0.0,526.0,03,31,85,225,155,2182
0,2643,103,254,47,0.0,591.0,04,01,65,159,286,2239
3,2643,62,221,367,0.0,614.0,04,04,65,67,41,1993
4,2643,31,242,370,0.0,555.0,04,05,12,2,22,2000
2,2643,37,249,0,0.0,492.0,04,06,65,93,359,2357
1,2643,47,258,339,0.0,524.0,04,07,8,212,302,1999
0,2643,87,283,64,0.0,542.0,04,08,65,198,192,2209
3,2643,82,203,392,0.0,536.0,04,11,65,158,4,1966
4,2643,76,225,239,0.0,500.0,04,12,104,220,154,2103
1,2643,106,252,326,0.0,562.0,04,14,48,263,239,1959
0,2643,131,281,82,0.0,582.0,04,15,65,72,271,2149
3,2643,81,225,330,0.0,525.0,04,18,65,40,334,2007
4,2643,44,239,387,0.0,449.0,04,19,23,219,233,1973
2,2643,47,262,0,0.0,504.0,04,20,65,182,98,2334
1,2643,66,264,312,0.0,531.0,04,21,73,262,416,2001
0,2643,150,275,86,0.0,557.0,04,22,65,166,397,2132
3,2643,96,201,281,0.0,528.0,04,25,65,179,286,2065
4,2643,51,227,304,0.0,568.0,04,26,87,83,266,2061
2,2643,71,234,0,0.0,490.0,04,27,65,243,383,2338
1,2643,56,269,196,0.0,508.0,04,28,95,137,7,2122
0,2643,139,282,28,0.0,507.0,04,29,65,74,46,2194
3,2635,80,214,302,0.0,551.0,05,02,65,132,47,2039
4,2635,65,251,292,0.0,515.0,05,03,65,130,398,2027
2,2635,150,244,0,0.0,636.0,05,04,105,116,277,2241
3,2635,101,233,344,0.0,591.0,05,09,65,54,6,1957
4,2635,53,252,350,0.0,519.0,05,10,13,1,362,1980
2,2635,60,266,0,0.0,423.0,05,11,65,256,419,2309
1,2635,71,274,315,0.0,532.0,05,12,27,225,171,1975
0,2635,185,268,80,0.0,517.0,05,13,65,158,382,2102
3,2635,99,216,368,0.0,594.0,05,16,65,55,351,1952
4,2635,41,254,377,0.0,633.0,05,17,76,212,154,1963
2,2635,71,257,0,0.0,456.0,05,18,65,140,429,2307
1,2635,65,266,264,0.0,529.0,05,19,54,264,219,2040
0,2635,169,287,56,0.0,487.0,05,20,65,223,76,2123
3,2635,88,203,362,0.0,613.0,05,23,65,162,106,1982
4,2635,74,234,310,0.0,465.0,05,24,96,83,34,2017
2,2635,72,258,0,0.0,454.0,05,25,65,67,143,2305
1,2635,64,285,227,0.0,520.0,05,26,91,11,366,2059
0,2635,163,291,61,0.0,493.0,05,27,65,40,132,2120
3,2635,73,215,291,0.0,631.0,05,30,65,271,193,2056
4,2635,50,250,185,0.0,535.0,05,31,95,175,270,2150
2,2637,75,245,0,0.0,490.0,06,01,65,182,47,2317
1,2637,81,258,301,0.0,483.0,06,02,25,219,46,1997
0,2637,191,268,64,0.0,548.0,06,03,65,172,273,2114
4,2637,115,192,389,0.0,629.0,06,07,109,2,198,1941
2,2637,58,240,0,0.0,500.0,06,08,65,223,340,2339
1,2637,69,252,359,0.0,506.0,06,09,103,194,319,1957
0,2637,151,270,61,0.0,509.0,06,10,65,182,203,2155
3,2637,98,209,415,0.0,590.0,06,13,65,74,225,1915
4,2637,56,241,432,0.0,593.0,06,14,73,116,433,1908
2,2637,60,260,0,0.0,535.0,06,15,65,54,425,2317
1,2637,73,263,336,0.0,524.0,06,16,76,46,378,1965
0,2637,165,291,60,0.0,484.0,06,17,65,154,334,2121
3,2637,101,257,344,0.0,585.0,06,20,65,277,267,1935
4,2637,49,248,349,0.0,645.0,06,21,9,136,388,1991
2,2637,47,258,0,0.0,467.0,06,22,65,55,362,2332
1,2637,53,271,346,0.0,588.0,06,23,80,260,305,1967
0,2637,169,284,52,0.0,475.0,06,24,65,166,419,2132
3,2637,96,227,300,0.0,609.0,06,27,65,31,174,2014
4,2637,63,253,226,0.0,535.0,06,28,45,10,396,2095
2,2637,67,248,0,0.0,487.0,06,29,65,243,297,2322
1,2637,76,247,151,0.0,446.0,06,30,85,25,20,2163
0,2643,145,215,41,0.0,513.0,07,01,65,238,66,2242
3,2643,88,190,385,0.0,582.0,07,04,65,193,98,1980
4,2643,55,226,376,0.0,551.0,07,05,6,83,397,1986
2,2643,56,224,0,0.0,484.0,07,06,65,170,320,2363
1,2643,64,238,340,0.0,494.0,07,07,65,265,85,2001
0,2643,155,260,60,0.0,534.0,07,08,65,179,46,2168
3,2643,121,210,366,0.0,630.0,07,11,65,128,6,1946
4,2643,72,223,382,0.0,519.0,07,12,41,175,281,1966
2,2643,79,241,0,0.0,483.0,07,13,65,160,429,2323
1,2643,84,252,308,0.0,550.0,07,14,32,108,51,1999
0,2643,189,261,55,0.0,503.0,07,15,65,198,264,2138
3,2643,126,208,343,0.0,596.0,07,18,65,49,42,1966
4,2643,111,233,263,0.0,424.0,07,19,108,83,81,2036
2,2643,124,238,0,0.0,443.0,07,20,65,64,377,2281
1,2643,115,255,263,0.0,446.0,07,21,43,11,334,2010
0,2643,251,272,47,0.0,501.0,07,22,65,62,66,2073
3,2643,277,180,247,0.0,584.0,07,25,65,251,110,1939
4,2643,260,185,269,0.0,582.0,07,26,103,225,319,1929
2,2643,299,192,0,0.0,423.0,07,27,65,182,98,2152
1,2643,340,204,197,0.0,434.0,07,28,106,83,283,1902
0,2643,486,207,36,0.0,472.0,07,29,65,178,148,1914
3,2644,512,109,238,0.0,510.0,08,01,65,253,259,1785
4,2644,460,167,268,0.0,515.0,08,02,65,235,174,1749
2,2644,485,183,0,0.0,363.0,08,03,85,46,258,1976
1,2644,467,200,262,0.0,456.0,08,04,73,2,154,1715
0,2644,538,212,46,0.0,448.0,08,05,65,158,357,1848
3,2644,421,180,255,0.0,480.0,08,08,65,132,359,1788
4,2644,392,182,286,0.0,470.0,08,09,79,252,171,1784
2,2644,411,188,0,0.0,451.0,08,10,65,54,425,2045
1,2644,413,202,295,0.0,530.0,08,11,41,167,376,1734
0,2644,587,215,60,0.0,410.0,08,12,65,31,226,1782
4,2644,352,177,351,0.0,561.0,08,16,10,116,51,1764
2,2644,311,191,0,0.0,465.0,08,17,65,256,124,2142
1,2644,274,215,364,0.0,574.0,08,18,76,30,329,1791
0,2644,345,237,59,0.0,532.0,08,19,65,67,431,2003
3,2644,115,159,458,0.0,729.0,08,22,65,105,129,1912
4,2644,86,211,386,0.0,563.0,08,23,12,219,427,1961
2,2644,113,209,0,0.0,588.0,08,24,65,4,143,2322
1,2644,123,241,308,0.0,508.0,08,25,107,224,365,1972
0,2644,194,269,70,0.0,489.0,08,26,65,255,351,2111
3,2644,132,202,352,0.0,568.0,08,29,65,239,91,1958
4,2644,96,242,268,0.0,514.0,08,30,7,83,270,2038
2,2644,98,236,0,0.0,498.0,08,31,65,243,67,2310
1,2769,99,250,336,0.0,468.0,09,01,95,80,34,2084
0,2769,177,279,76,0.0,460.0,09,02,65,179,131,2237
3,2769,100,225,447,0.0,554.0,09,05,65,182,346,1997
4,2769,59,253,477,0.0,560.0,09,06,45,219,171,1980
2,2769,65,241,0,0.0,504.0,09,07,65,186,101,2463
1,2769,69,255,438,0.0,548.0,09,08,8,225,237,2007
0,2769,137,288,86,0.0,485.0,09,09,65,159,340,2258
3,2769,328,176,306,0.0,504.0,09,12,41,175,194,1959
4,2769,511,108,52,0.0,238.0,09,13,65,240,351,2098
3,2769,167,180,550,0.0,662.0,09,19,65,162,399,1872
4,2769,69,227,588,0.0,627.0,09,20,108,83,343,1885
2,2769,58,246,0,0.0,603.0,09,21,65,15,260,2465
1,2769,137,253,403,0.0,533.0,09,22,76,35,177,1976
0,2769,165,278,99,0.0,562.0,09,23,65,253,273,2227
3,2769,70,224,494,0.0,710.0,09,26,65,106,16,1981
4,2769,56,233,380,0.0,550.0,09,27,60,116,397,2100
2,2769,50,225,0,0.0,591.0,09,28,65,230,191,2494
1,2769,153,227,331,0.0,622.0,09,29,103,225,319,2058
0,2769,158,256,59,0.0,539.0,09,30,65,18,119,2296
4,2670,59,239,1035,0.0,902.0,10,04,65,256,97,1337
2,2670,41,228,0,0.0,905.0,10,05,65,166,193,2401
1,2670,56,245,378,0.0,352.0,10,06,79,233,56,1991
0,2670,144,252,80,0.0,554.0,10,07,65,223,385,2194
3,2670,104,216,443,0.0,546.0,10,10,65,253,124,1907
4,2670,69,256,386,0.0,522.0,10,11,12,116,59,1959
2,2670,64,251,0,0.0,527.0,10,12,65,283,101,2355
1,2670,66,262,612,0.0,667.0,10,13,112,184,362,1730
0,2670,144,265,172,0.0,544.0,10,14,65,128,397,2089
3,2670,107,241,425,0.0,527.0,10,17,65,267,96,1897
4,2670,53,262,394,0.0,544.0,10,18,20,241,24,1961
2,2670,72,267,0,0.0,475.0,10,19,65,182,140,2331
1,2670,105,269,281,0.0,564.0,10,20,70,200,242,2015
0,2670,228,280,62,0.0,442.0,10,21,65,54,425,2100
3,2670,120,223,367,0.0,600.0,10,24,65,131,92,1960
4,2670,73,259,345,0.0,559.0,10,25,73,2,433,1993
2,2670,89,258,0,0.0,410.0,10,26,65,160,4,2323
1,2670,94,272,240,0.0,454.0,10,27,65,120,334,2064
0,2670,192,277,63,0.0,475.0,10,28,65,198,153,2138
3,2670,134,223,255,0.0,540.0,10,31,65,128,223,2058
4,2689,70,212,515,0.0,578.0,11,01,87,272,56,1892
2,2689,73,231,0,0.0,540.0,11,02,65,243,138,2385
1,2689,72,283,408,0.0,553.0,11,03,96,116,240,1926
0,2689,168,276,81,0.0,497.0,11,04,65,166,124,2164
3,2689,133,222,539,0.0,506.0,11,07,65,104,6,1795
4,2689,60,250,503,0.0,512.0,11,08,22,83,309,1876
2,2689,58,267,0,0.0,499.0,11,09,65,140,39,2364
1,2689,73,267,385,0.0,513.0,11,10,8,10,422,1964
0,2689,173,286,69,0.0,426.0,11,11,65,55,196,2161
3,2689,92,227,461,0.0,539.0,11,14,65,253,166,1909
4,2689,66,273,418,0.0,418.0,11,15,7,116,194,1932
2,2689,60,250,0,0.0,463.0,11,16,65,64,273,2379
1,2689,134,263,411,0.0,551.0,11,17,55,212,154,1881
0,2689,219,287,57,0.0,388.0,11,18,65,223,397,2126
3,2689,94,202,522,0.0,616.0,11,21,65,283,143,1871
4,2689,45,238,452,0.0,580.0,11,22,121,264,238,1954
2,2689,52,251,0,0.0,482.0,11,23,65,154,357,2386
1,2689,61,262,351,0.0,498.0,11,24,32,225,155,2015
0,2689,200,279,68,0.0,392.0,11,25,65,67,343,2142
3,2689,114,219,397,0.0,623.0,11,28,65,171,92,1959
4,2689,84,218,388,0.0,587.0,11,29,95,233,302,1999
1,2705,84,243,688,0.0,571.0,12,01,12,116,270,1690
0,2705,183,272,152,0.0,448.0,12,02,65,198,193,2098
3,2705,101,207,839,0.0,560.0,12,05,65,90,255,1558
4,2705,69,222,799,0.0,593.0,12,06,76,175,86,1615
2,2705,69,232,0,0.0,468.0,12,07,65,128,333,2404
1,2705,76,262,587,0.0,512.0,12,08,8,10,422,1780
0,2705,196,284,152,0.0,416.0,12,09,65,158,351,2073
3,2705,102,193,633,0.0,544.0,12,12,65,57,334,1777
4,2705,65,226,511,0.0,482.0,12,13,85,181,400,1903
2,2705,82,247,0,0.0,441.0,12,14,65,89,10,2376
1,2705,98,234,229,0.0,499.0,12,15,73,264,420,2144
0,2705,167,262,37,0.0,518.0,12,16,65,117,143,2239
3,2705,104,217,197,0.0,482.0,12,19,65,223,397,2187
4,2705,89,238,126,0.0,461.0,12,20,103,225,319,2252
2,2705,72,230,0,0.0,494.0,12,21,65,179,131,2403
1,2705,118,242,32,0.0,213.0,12,22,79,120,219,2313
0,2705,343,243,7,0.0,398.0,12,23,65,62,59,2112
3,2705,206,194,63,0.0,328.0,12,26,65,243,2,2242
4,2705,127,236,51,0.0,314.0,12,27,118,83,119,2291
1,2705,242,201,42,0.0,343.0,12,29,95,30,266,2220
0,2705,529,127,3,0.0,275.0,12,30,65,127,98,2046
3,2697,96,102,272,0.0,559.0,01,02,65,100,180,2227
4,2697,61,158,259,0.0,364.0,01,03,96,220,269,2219
2,2697,67,170,0,0.0,427.0,01,04,65,7,94,2460
1,2697,79,207,316,0.0,531.0,01,05,31,264,160,2095
0,2697,189,224,74,0.0,523.0,01,06,65,71,144,2210
3,2697,121,166,445,0.0,620.0,01,09,65,256,307,1965
4,2697,70,199,412,0.0,533.0,01,10,15,1,157,2016
2,2697,57,223,0,0.0,514.0,01,11,65,267,346,2417
1,2697,85,238,305,0.0,416.0,01,12,65,138,226,2069
0,2697,191,247,62,0.0,533.0,01,13,65,172,256,2197
3,2697,123,196,432,0.0,571.0,01,16,65,4,166,1946
4,2697,75,215,380,0.0,469.0,01,17,121,83,92,2027
2,2697,59,240,0,0.0,394.0,01,18,65,160,15,2398
1,2697,93,236,334,0.0,499.0,01,19,8,148,408,2034
0,2697,207,267,61,0.0,446.0,01,20,65,128,425,2162
3,2697,108,202,396,0.0,509.0,01,23,65,157,204,1991
4,2697,63,218,273,0.0,396.0,01,24,32,225,266,2143
1,2697,369,117,28,0.0,147.0,01,26,65,174,119,2183
4,2697,177,58,278,0.0,680.0,01,31,12,35,416,2184
2,2632,61,179,0,0.0,566.0,02,01,65,239,343,2392
1,2632,45,217,427,0.0,549.0,02,02,58,228,302,1943
0,2632,104,253,92,0.0,582.0,02,03,65,153,37,2183
3,2632,49,202,610,0.0,768.0,02,06,65,142,397,1771
4,2632,40,207,565,0.0,554.0,02,07,65,166,124,1820
2,2632,52,206,0,0.0,548.0,02,08,65,193,221,2374
1,2632,65,227,377,0.0,583.0,02,09,76,175,284,1963
0,2632,149,284,59,0.0,505.0,02,10,65,243,193,2140
3,2632,61,196,505,0.0,689.0,02,13,65,128,36,1870
4,2632,53,223,444,0.0,566.0,02,14,87,83,219,1912
2,2632,51,233,0,0.0,505.0,02,15,65,198,131,2348
1,2632,56,240,419,0.0,567.0,02,16,73,2,376,1917
0,2632,144,269,73,0.0,494.0,02,17,65,256,46,2146
3,2632,104,199,494,0.0,648.0,02,20,65,186,10,1835
4,2632,63,226,445,0.0,559.0,02,21,24,118,266,1898
1,2632,75,272,307,0.0,534.0,02,23,95,30,380,1978
0,2632,174,291,63,0.0,463.0,02,24,65,160,2,2104
3,2632,134,181,368,0.0,563.0,02,27,65,283,355,1949
4,2632,156,203,179,0.0,536.0,02,28,8,39,356,2094
1,2627,190,215,428,0.0,593.0,03,02,121,225,239,1794
0,2627,174,256,70,0.0,578.0,03,03,65,267,252,2127
3,2627,63,201,490,0.0,658.0,03,06,65,24,267,1873
4,2627,41,214,455,0.0,545.0,03,07,94,83,269,1917
2,2627,46,233,0,0.0,518.0,03,08,65,239,382,2348
1,2627,55,254,346,0.0,519.0,03,09,10,264,207,1972
0,2627,145,291,63,0.0,461.0,03,10,65,117,61,2128
3,2627,82,211,449,0.0,596.0,03,13,65,223,16,1885
4,2627,46,230,437,0.0,533.0,03,14,108,2,351,1914
2,2627,40,234,0,0.0,486.0,03,15,65,131,143,2353
1,2627,47,259,357,0.0,504.0,03,16,32,25,433,1964
0,2627,129,299,59,0.0,429.0,03,17,65,193,193,2140
3,2627,86,207,390,0.0,556.0,03,20,65,93,82,1944
4,2627,55,222,454,0.0,647.0,03,21,39,116,159,1896
1,2627,62,245,321,0.0,557.0,03,23,112,233,34,1999
0,2627,181,279,50,0.0,518.0,03,24,65,191,92,2117
3,2627,105,242,360,0.0,501.0,03,27,65,128,36,1920
4,2627,44,248,368,0.0,504.0,03,28,119,83,213,1967
2,2627,42,237,0,0.0,474.0,03,29,65,210,110,2348
1,2627,67,278,223,0.0,497.0,03,30,103,217,319,2059
0,2627,147,296,45,0.0,420.0,03,31,65,127,136,2139
3,2626,81,198,465,0.0,577.0,04,03,65,256,5,1882
4,2626,54,212,418,0.0,535.0,04,04,95,175,323,1942
2,2626,63,251,0,0.0,391.0,04,05,65,118,335,2312
1,2626,65,271,317,0.0,436.0,04,06,13,220,266,1973
0,2626,151,291,67,0.0,431.0,04,07,65,99,287,2117
3,2626,81,229,418,0.0,541.0,04,10,65,105,371,1898
4,2626,44,234,440,0.0,535.0,04,11,65,248,195,1908
2,2626,41,241,0,0.0,384.0,04,12,65,166,223,2344
1,2626,61,270,318,0.0,521.0,04,13,76,225,281,1977
0,2626,122,298,55,0.0,402.0,04,14,65,243,131,2151
3,2626,82,220,434,0.0,479.0,04,17,65,158,41,1890
4,2626,57,244,405,0.0,567.0,04,18,19,180,378,1920
2,2626,36,256,0,0.0,408.0,04,19,65,54,13,2334
1,2626,44,288,284,0.0,511.0,04,20,73,2,154,2010
0,2626,137,307,59,0.0,353.0,04,21,65,193,119,2123
3,2626,76,260,373,0.0,531.0,04,24,65,198,261,1917
4,2626,69,288,336,0.0,510.0,04,25,32,181,400,1933
1,2626,61,311,183,0.0,442.0,04,27,26,182,393,2071
0,2626,161,310,44,0.0,362.0,04,28,65,186,350,2111
4,2637,933,123,88,0.0,298.0,05,02,65,166,124,1493
1,2637,1224,41,45,0.0,262.0,05,04,68,220,189,1327
3,2637,715,130,151,0.0,308.0,05,08,65,223,74,1641
2,2637,68,223,0,0.0,500.0,05,10,65,191,101,2346
1,2637,57,264,471,0.0,501.0,05,11,45,83,219,1845
0,2637,113,289,96,0.0,507.0,05,12,65,243,140,2139
3,2637,63,224,516,0.0,505.0,05,15,65,54,5,1834
4,2637,41,266,486,0.0,533.0,05,16,17,225,19,1844
2,2637,46,268,0,0.0,484.0,05,17,65,239,15,2323
1,2637,60,287,343,0.0,459.0,05,18,65,195,328,1947
0,2637,146,305,81,0.0,414.0,05,19,65,122,261,2105
3,2637,63,240,504,0.0,585.0,05,22,65,190,386,1830
4,2637,47,257,429,0.0,545.0,05,23,41,233,398,1904
2,2637,49,277,0,0.0,387.0,05,24,65,40,174,2311
1,2637,57,290,320,0.0,456.0,05,25,31,219,269,1970
0,2637,164,302,60,0.0,462.0,05,26,65,67,369,2111
3,2637,88,240,394,0.0,555.0,05,29,65,211,338,1915
4,2637,57,256,293,0.0,579.0,05,30,8,83,356,2031
1,2648,66,265,317,0.0,505.0,06,01,85,51,157,2000
0,2648,165,293,77,0.0,480.0,06,02,65,146,405,2113
3,2648,633,150,174,0.0,306.0,06,05,65,3,397,1691
2,2648,75,228,0,0.0,549.0,06,07,65,193,140,2345
1,2648,63,274,423,0.0,443.0,06,08,10,46,302,1888
0,2648,130,294,67,0.0,460.0,06,09,65,159,2,2157
3,2648,87,209,529,0.0,552.0,06,12,65,67,119,1823
4,2648,47,234,451,0.0,540.0,06,13,96,116,34,1916
2,2648,55,253,0,0.0,408.0,06,14,65,179,198,2340
1,2648,64,268,318,0.0,443.0,06,15,41,192,209,1998
0,2648,164,305,62,0.0,383.0,06,16,65,240,264,2117
3,2648,102,226,455,0.0,489.0,06,19,65,4,95,1865
4,2648,66,253,429,0.0,508.0,06,20,103,118,319,1900
2,2648,60,269,0,0.0,445.0,06,21,65,267,46,2319
1,2648,69,273,317,0.0,451.0,06,22,56,175,155,1989
0,2648,162,290,57,0.0,441.0,06,23,65,256,397,2139
3,2648,112,237,374,0.0,539.0,06,26,65,190,398,1925
4,2648,59,256,309,0.0,575.0,06,27,107,224,395,2024
1,2648,66,266,209,0.0,451.0,06,29,49,203,332,2107
0,2648,188,296,34,0.0,370.0,06,30,65,243,343,2130
3,2839,66,214,414,0.0,501.0,07,03,65,223,42,2145
4,2839,50,247,368,0.0,432.0,07,04,121,2,92,2174
2,2839,46,260,0,0.0,340.0,07,05,65,58,124,2533
1,2839,72,268,341,0.0,501.0,07,06,8,225,269,2158
0,2839,146,288,73,0.0,472.0,07,07,65,166,416,2332
3,2839,98,215,406,0.0,527.0,07,10,65,4,219,2120
4,2839,62,232,380,0.0,444.0,07,11,73,116,239,2165
2,2839,69,263,0,0.0,414.0,07,12,65,267,174,2507
1,2839,79,277,311,0.0,461.0,07,13,76,25,410,2172
0,2839,209,286,57,0.0,485.0,07,14,65,15,193,2287
3,2839,132,212,424,0.0,500.0,07,17,65,40,256,2071
4,2839,98,239,419,0.0,513.0,07,18,33,51,400,2083
2,2839,79,259,0,0.0,457.0,07,19,65,276,309,2501
1,2839,90,278,270,0.0,429.0,07,20,106,219,422,2201
0,2839,206,301,46,0.0,410.0,07,21,65,223,69,2286
3,2839,237,211,401,0.0,486.0,07,24,65,251,46,1990
4,2839,214,243,272,0.0,514.0,07,25,49,46,214,2110
1,2839,334,240,221,0.0,486.0,07,27,31,118,398,2044
0,2839,419,264,46,0.0,459.0,07,28,65,54,245,2110
3,2839,524,156,192,0.0,455.0,07,31,65,178,130,1967
4,2645,466,181,320,0.0,509.0,08,01,10,225,433,1678
2,2645,454,188,0,0.0,337.0,08,02,65,49,397,2003
1,2645,451,207,301,0.0,401.0,08,03,108,2,264,1686
0,2645,544,238,55,0.0,354.0,08,04,65,239,376,1808
3,2645,428,168,351,0.0,497.0,08,07,65,17,143,1698
4,2645,414,207,350,0.0,445.0,08,08,118,2,213,1674
2,2645,428,210,0,0.0,372.0,08,09,65,140,41,2007
1,2645,438,228,292,0.0,438.0,08,10,32,108,380,1687
0,2645,566,240,66,0.0,393.0,08,11,65,198,66,1773
3,2645,863,131,114,0.0,275.0,08,14,65,251,307,1537
2,2645,403,180,0,0.0,433.0,08,16,65,253,140,2062
1,2645,357,221,380,0.0,507.0,08,17,12,184,194,1687
0,2645,396,272,61,0.0,484.0,08,18,65,271,336,1916
3,2645,74,169,618,0.0,673.0,08,21,65,240,299,1784
4,2645,74,213,484,0.0,604.0,08,22,103,220,319,1874
2,2645,72,215,0,0.0,537.0,08,23,65,243,128,2358
1,2645,78,259,344,0.0,489.0,08,24,14,252,394,1964
0,2645,164,310,55,0.0,354.0,08,25,65,15,245,2116
3,2645,169,225,337,0.0,514.0,08,28,65,55,37,1914
4,2645,121,260,294,0.0,609.0,08,29,76,46,67,1970
2,2645,116,270,0,0.0,395.0,08,30,65,128,425,2259
1,2645,110,281,189,0.0,487.0,08,31,65,196,211,2065
3,2642,113,243,416,0.0,581.0,09,04,65,254,6,1870
4,2642,74,265,390,0.0,518.0,09,05,26,2,393,1913
2,2642,69,275,0,0.0,503.0,09,06,65,267,124,2298
1,2642,78,279,358,0.0,455.0,09,07,45,83,46,1927
0,2642,155,305,66,0.0,494.0,09,08,65,256,333,2116
3,2642,101,203,478,0.0,510.0,09,11,65,153,349,1860
4,2642,72,242,430,0.0,540.0,09,12,8,225,302,1898
2,2642,57,253,0,0.0,476.0,09,13,65,117,140,2332
1,2642,68,291,317,0.0,437.0,09,14,49,175,33,1966
0,2642,198,290,70,0.0,454.0,09,15,65,67,116,2084
3,2642,93,220,501,0.0,552.0,09,18,65,178,430,1828
4,2642,49,246,432,0.0,567.0,09,19,103,41,326,1915
2,2642,62,279,0,0.0,411.0,09,20,65,22,425,2301
1,2642,70,280,334,0.0,546.0,09,21,104,36,280,1958
0,2642,174,291,67,0.0,490.0,09,22,65,149,63,2110
3,2642,97,258,385,0.0,592.0,09,25,65,130,13,1902
4,2642,81,261,342,0.0,573.0,09,26,95,30,327,1958
2,2642,70,265,0,0.0,0.0,09,27,65,67,193,2307
1,2642,102,263,202,0.0,473.0,09,28,73,87,108,2075
4,2645,105,209,641,0.0,746.0,10,10,65,64,124,1690
2,2645,60,250,0,0.0,613.0,10,11,121,225,238,2335
1,2645,46,269,1017,0.0,626.0,10,12,65,166,255,1313
0,2645,63,268,86,0.0,628.0,10,13,65,182,143,2228
3,2645,90,225,464,0.0,497.0,10,16,65,253,101,1866
4,2645,56,258,453,0.0,555.0,10,17,33,51,157,1878
2,2645,45,270,0,0.0,490.0,10,18,65,186,252,2330
1,2645,67,282,341,0.0,514.0,10,19,50,219,269,1955
0,2645,190,301,53,0.0,416.0,10,20,65,67,382,2101
3,2645,116,250,435,0.0,538.0,10,23,65,162,92,1844
4,2645,65,258,400,0.0,439.0,10,24,43,11,154,1922
1,2645,101,302,251,0.0,405.0,10,26,32,23,258,1991
0,2645,210,309,57,0.0,327.0,10,27,65,256,5,2069
3,2645,124,250,374,0.0,589.0,10,30,65,62,69,1897
4,2645,63,290,238,0.0,503.0,10,31,73,2,416,2054
2,2644,63,279,0,0.0,424.0,11,01,65,166,66,2302
1,2644,53,304,333,0.0,469.0,11,02,112,212,362,1954
0,2644,173,304,58,0.0,406.0,11,03,65,54,198,2109
3,2644,93,244,452,0.0,451.0,11,06,65,182,256,1855
4,2644,75,268,462,0.0,522.0,11,07,76,225,23,1839
2,2644,60,276,0,0.0,397.0,11,08,65,160,425,2308
1,2644,90,287,347,0.0,414.0,11,09,21,219,135,1920
0,2644,184,292,56,0.0,397.0,11,10,65,153,338,2112
3,2644,107,240,525,0.0,547.0,11,13,65,191,434,1772
4,2644,78,269,388,0.0,515.0,11,14,41,10,354,1909
2,2644,87,276,0,0.0,363.0,11,15,65,138,416,2281
1,2644,129,283,347,0.0,437.0,11,16,65,162,62,1885
0,2644,213,311,58,0.0,332.0,11,17,65,259,349,2062
3,2644,107,237,517,0.0,569.0,11,20,65,179,138,1783
4,2644,77,256,435,0.0,486.0,11,21,26,175,269,1876
2,2644,64,277,0,0.0,424.0,11,22,65,122,264,2303
1,2644,122,288,305,0.0,433.0,11,23,17,30,377,1929
0,2644,210,303,63,0.0,378.0,11,24,65,223,238,2068
3,2644,132,262,402,0.0,483.0,11,27,65,159,91,1848
4,2644,112,265,347,0.0,517.0,11,28,95,233,29,1920
1,2644,97,267,256,0.0,511.0,11,30,33,80,428,2024
0,2665,243,268,136,0.0,381.0,12,01,65,193,271,2018
3,2665,117,206,868,0.0,625.0,12,04,65,31,333,1474
4,2665,60,225,871,0.0,571.0,12,05,96,116,155,1509
2,2665,78,254,0,0.0,414.0,12,06,65,160,72,2333
1,2665,98,270,608,0.0,509.0,12,07,8,225,394,1689
0,2665,169,304,141,0.0,407.0,12,08,65,149,63,2051
3,2665,93,219,748,0.0,536.0,12,11,65,121,264,1605
4,2665,73,237,604,0.0,641.0,12,12,12,184,194,1751
2,2665,67,246,0,0.0,430.0,12,13,65,147,91,2352
1,2665,105,266,309,0.0,405.0,12,14,32,41,258,1985
0,2665,208,288,48,0.0,426.0,12,15,65,202,143,2121
3,2665,140,230,156,0.0,418.0,12,18,65,62,5,2139
4,2665,109,269,146,0.0,345.0,12,19,44,83,101,2141
2,2665,108,262,0,0.0,396.0,12,20,65,17,46,2295
1,2665,127,262,102,0.0,380.0,12,21,79,120,362,2174
0,2665,239,270,34,0.0,482.0,12,22,65,285,336,2122
4,2665,267,227,62,0.0,176.0,12,26,65,243,120,2109
1,2665,240,260,55,0.0,245.0,12,28,65,197,392,2110
0,2665,489,242,5,0.0,209.0,12,29,65,223,340,1929
4,2655,73,102,301,0.0,432.0,01,02,65,56,334,2179
2,2655,60,207,0,0.0,441.0,01,03,65,282,219,2388
1,2655,67,226,326,0.0,435.0,01,04,24,184,239,2036
0,2655,152,246,58,0.0,509.0,01,05,65,191,284,2199
3,2655,100,194,377,0.0,554.0,01,08,65,47,143,1984
4,2655,70,215,298,0.0,349.0,01,09,33,200,400,2072
2,2655,58,210,0,0.0,423.0,01,10,65,159,349,2387
1,2655,73,238,337,0.0,430.0,01,11,65,138,226,2007
0,2655,163,266,59,0.0,398.0,01,12,65,172,432,2167
3,2655,112,192,443,0.0,480.0,01,15,65,93,57,1908
4,2655,73,216,405,0.0,523.0,01,16,14,175,55,1961
2,2655,70,223,0,0.0,466.0,01,17,65,253,221,2362
1,2655,98,233,325,0.0,472.0,01,18,73,264,119,1999
0,2655,224,275,77,0.0,419.0,01,19,65,166,91,2079
3,2655,103,211,371,0.0,492.0,01,22,65,62,13,1970
4,2655,66,230,297,0.0,488.0,01,23,8,219,422,2062
2,2655,51,224,0,0.0,274.0,01,24,65,17,299,2380
1,2655,57,225,261,0.0,513.0,01,25,68,233,269,2112
0,2655,166,262,43,0.0,418.0,01,26,65,160,198,2184
3,2655,70,192,454,0.0,689.0,01,29,65,243,160,1939
4,2655,60,216,433,0.0,689.0,01,30,76,148,294,1946
1,2707,73,254,401,0.0,620.0,02,01,121,225,108,1979
0,2707,153,278,88,0.0,503.0,02,02,65,179,349,2188
3,2707,76,213,560,0.0,673.0,02,05,65,240,74,1858
4,2707,50,235,491,0.0,601.0,02,06,22,264,302,1931
2,2707,59,253,0,0.0,540.0,02,07,65,171,164,2395
1,2707,71,273,378,0.0,543.0,02,08,65,197,328,1985
0,2707,149,296,86,0.0,518.0,02,09,65,3,333,2176
3,2707,103,244,476,0.0,541.0,02,12,65,223,5,1884
4,2707,106,235,371,0.0,552.0,02,13,39,51,159,1995
2,2707,418,159,0,0.0,0.0,02,14,65,158,46,2130
3,2707,255,171,604,0.0,657.0,02,19,65,256,173,1677
4,2707,82,231,521,0.0,609.0,02,20,118,2,101,1873
2,2707,74,243,0,0.0,522.0,02,21,65,211,40,2390
1,2707,82,277,400,0.0,578.0,02,22,0,30,327,1948
0,2707,161,304,69,0.0,522.0,02,23,65,56,131,2173
3,2707,105,231,491,0.0,585.0,02,26,65,159,96,1880
4,2707,81,263,332,0.0,438.0,02,27,90,10,310,2031
0,2714,840,206,57,0.0,349.0,03,02,65,254,124,1611
3,2714,92,211,593,0.0,687.0,03,05,65,253,122,1818
4,2714,54,242,547,0.0,671.0,03,06,8,225,420,1871
2,2714,41,238,0,0.0,600.0,03,07,65,67,221,2435
1,2714,38,268,406,0.0,553.0,03,08,50,219,269,2002
0,2714,123,294,77,0.0,580.0,03,09,65,149,63,2220
3,2714,69,217,591,0.0,663.0,03,12,65,54,13,1837
4,2714,39,249,556,0.0,639.0,03,13,12,184,266,1870
2,2714,56,245,0,0.0,464.0,03,14,65,256,335,2413
1,2714,47,270,359,0.0,489.0,03,15,79,120,219,2038
0,2714,135,302,75,0.0,487.0,03,16,65,253,91,2202
3,2714,80,224,503,0.0,559.0,03,19,65,128,36,1907
4,2714,46,246,445,0.0,571.0,03,20,73,2,176,1977
2,2714,45,263,0,0.0,482.0,03,21,65,191,131,2406
1,2714,56,290,327,0.0,492.0,03,22,49,175,332,2041
0,2714,174,307,51,0.0,454.0,03,23,65,125,238,2182
3,2714,125,226,448,0.0,604.0,03,26,65,283,255,1915
4,2714,52,258,408,0.0,599.0,03,27,8,41,84,1996
1,2714,51,273,302,0.0,523.0,03,29,96,116,208,2088
0,2714,196,296,43,0.0,466.0,03,30,65,172,140,2179
3,2714,83,224,481,0.0,586.0,04,02,65,223,74,1926
4,2714,56,266,438,0.0,486.0,04,03,32,225,433,1954
2,2714,64,267,0,0.0,519.0,04,04,65,171,138,2383
1,2714,69,285,378,0.0,569.0,04,05,42,36,381,1982
0,2714,220,295,49,0.0,394.0,04,06,65,160,137,2150
3,2714,118,221,523,0.0,588.0,04,09,65,151,57,1852
4,2714,66,256,420,0.0,522.0,04,10,39,148,362,1972
2,2714,23,239,0,0.0,540.0,04,11,65,40,156,2452
1,2714,40,268,384,0.0,535.0,04,12,121,61,92,2022
0,2714,164,292,45,0.0,444.0,04,13,65,182,203,2213
3,2714,84,234,484,0.0,599.0,04,16,65,239,333,1912
4,2714,39,261,413,0.0,537.0,04,17,103,25,319,2001
2,2714,49,268,0,0.0,456.0,04,18,65,256,262,2397
1,2714,98,288,285,0.0,499.0,04,19,95,79,195,2043
0,2714,194,303,42,0.0,409.0,04,20,65,153,91,2175
3,2714,89,235,440,0.0,569.0,04,23,65,243,140,1950
4,2714,60,274,360,0.0,587.0,04,24,117,175,194,2020
1,2714,69,293,266,0.0,483.0,04,26,76,212,409,2086
0,2714,205,304,40,0.0,380.0,04,27,65,160,350,2165
3,2714,646,180,107,0.0,317.0,04,30,65,223,419,1781
2,2721,110,247,0,0.0,535.0,05,02,65,202,253,2364
1,2721,102,296,332,0.0,436.0,05,03,8,225,420,1991
0,2721,241,284,57,0.0,440.0,05,04,65,4,264,2139
4,2721,133,231,590,0.0,625.0,05,08,65,144,228,1767
2,2721,86,269,0,0.0,413.0,05,09,65,56,309,2366
1,2721,80,291,369,0.0,441.0,05,10,44,83,219,1981
0,2721,183,296,48,0.0,445.0,05,11,65,40,333,2194
3,2721,100,229,490,0.0,536.0,05,14,65,54,46,1902
4,2721,64,272,457,0.0,620.0,05,15,73,2,245,1928
2,2721,58,264,0,0.0,472.0,05,16,65,15,13,2399
1,2721,71,278,343,0.0,473.0,05,17,32,23,67,2029
0,2721,145,302,29,0.0,399.0,05,18,65,191,191,2245
3,2721,861,144,139,0.0,234.0,05,21,65,254,27,1577
2,2721,89,246,0,0.0,477.0,05,23,65,267,133,2386
1,2721,64,281,379,0.0,494.0,05,24,111,208,411,1997
0,2721,136,293,70,0.0,432.0,05,25,65,158,93,2222
3,2721,92,221,495,0.0,594.0,05,28,65,15,261,1913
4,2721,73,258,422,0.0,552.0,05,29,41,233,66,1968
1,2721,90,283,242,0.0,525.0,05,31,103,212,326,2106
3,2728,180,291,55,0.0,395.0,06,01,65,256,156,2202
3,2728,158,215,519,0.0,564.0,06,04,65,160,2,1836
4,2728,163,233,253,0.0,526.0,06,05,95,225,236,2079
1,2728,187,265,379,0.0,475.0,06,07,65,232,131,1897
0,2728,252,288,65,0.0,458.0,06,08,65,186,101,2123
3,2728,153,195,490,0.0,557.0,06,11,65,105,98,1890
4,2728,156,234,249,0.0,441.0,06,12,65,15,309,2089
1,2728,190,260,381,0.0,464.0,06,14,50,219,175,1897
0,2728,234,295,44,0.0,442.0,06,15,65,182,124,2155
3,2728,87,229,335,0.0,485.0,06,18,65,253,430,2077
4,2728,68,247,415,0.0,537.0,06,19,31,83,258,1998
2,2728,73,257,0,0.0,448.0,06,20,65,67,333,2398
1,2728,72,282,329,0.0,550.0,06,21,8,225,154,2045
3,2728,104,240,424,0.0,537.0,06,25,65,172,221,1960
4,2728,71,243,384,0.0,583.0,06,26,76,252,283,2030
1,2728,83,286,234,0.0,449.0,06,28,65,195,85,2125
0,2728,210,299,12,0.0,371.0,06,29,65,131,254,2207
3,2704,96,209,130,0.0,609.0,07,02,65,206,11,2269
4,2704,71,220,232,0.0,528.0,07,03,121,2,119,2181
2,2704,94,237,0,0.0,488.0,07,04,65,72,351,2373
1,2704,93,270,234,0.0,509.0,07,05,32,192,209,2107
0,2704,194,289,36,0.0,389.0,07,06,65,122,5,2185
3,2704,139,228,300,0.0,519.0,07,09,65,54,13,2037
4,2704,96,251,292,0.0,524.0,07,10,45,83,219,2065
2,2704,95,255,1,0.0,435.0,07,11,65,105,389,2353
1,2704,102,270,244,0.0,487.0,07,12,49,46,22,2088
0,2704,200,302,29,0.0,394.0,07,13,65,170,419,2173
3,2704,150,199,318,0.0,529.0,07,16,65,62,74,2037
4,2704,111,256,307,0.0,451.0,07,17,118,1,159,2030
2,2704,108,254,0,0.0,407.0,07,18,65,154,320,2342
1,2704,113,285,265,0.0,554.0,07,19,8,25,154,2041
0,2704,273,291,49,0.0,394.0,07,20,65,40,116,2091
3,2704,224,223,341,0.0,515.0,07,23,65,94,334,1916
4,2704,201,232,392,0.0,526.0,07,24,12,219,395,1879
1,2704,272,265,299,0.0,484.0,07,26,32,212,409,1868
0,2704,403,271,59,0.0,388.0,07,27,65,239,264,1971
3,2704,487,193,401,0.0,436.0,07,30,65,278,343,1623
4,2704,433,228,287,0.0,494.0,07,31,10,39,380,1756
2,2996,489,209,0,0.0,395.0,08,01,65,158,71,2298
1,2996,548,229,209,0.0,425.0,08,02,69,225,433,2010
0,2996,665,242,34,0.0,367.0,08,03,65,251,309,2055
3,2996,504,158,333,0.0,522.0,08,06,65,182,98,2001
4,2996,469,206,366,0.0,534.0,08,07,33,111,245,1955
2,2996,470,235,0,0.0,421.0,08,08,65,223,46,2291
1,2996,491,227,271,0.0,509.0,08,09,65,196,195,2007
0,2996,562,254,30,0.0,467.0,08,10,65,172,113,2150
3,2996,575,184,297,0.0,465.0,08,13,65,253,94,1940
4,2996,551,217,153,0.0,393.0,08,14,4,83,430,2075
1,2996,481,228,228,0.0,488.0,08,16,103,252,326,2059
0,2996,530,245,30,0.0,482.0,08,17,65,128,145,2191
3,2996,204,206,475,0.0,563.0,08,20,65,275,164,2111
4,2996,168,237,355,0.0,629.0,08,21,113,1,411,2236
2,2996,147,238,0,0.0,536.0,08,22,65,172,303,2611
1,2996,132,263,289,0.0,577.0,08,23,32,41,239,2312
0,2996,219,284,46,0.0,529.0,08,24,65,182,320,2447
3,2996,138,226,492,0.0,560.0,08,27,65,239,386,2140
4,2996,104,243,376,0.0,593.0,08,28,44,83,66,2273
1,2996,106,264,304,0.0,556.0,08,30,73,118,179,2322
0,2996,216,289,70,0.0,424.0,08,31,65,283,336,2421
3,2763,122,233,393,0.0,577.0,09,03,65,62,334,2015
4,2763,91,262,404,0.0,604.0,09,04,26,2,393,2006
2,2763,93,269,0,0.0,425.0,09,05,65,223,36,2401
1,2763,106,283,280,0.0,538.0,09,06,17,225,119,2094
0,2763,164,303,56,0.0,467.0,09,07,65,256,243,2240
3,2763,99,243,343,0.0,535.0,09,10,65,243,6,2078
4,2763,67,272,370,0.0,570.0,09,11,8,25,154,2054
2,2763,73,300,0,0.0,435.0,09,12,65,96,333,2390
1,2763,67,306,297,0.0,571.0,09,13,65,257,274,2093
0,2763,174,313,132,0.0,375.0,09,14,65,61,419,2144
3,2763,91,252,465,0.0,522.0,09,17,65,73,320,1955
4,2763,67,289,446,0.0,597.0,09,18,76,212,283,1961
1,2763,93,277,385,0.0,468.0,09,20,13,220,416,2008
0,2763,260,241,51,0.0,247.0,09,21,65,171,191,2211
3,2805,424,233,216,0.0,442.0,10,08,65,240,299,1932
2,2805,80,232,1044,0.0,751.0,10,10,65,160,2,1449
1,2805,67,240,430,0.0,743.0,10,11,14,212,394,2068
0,2805,192,288,28,0.0,467.0,10,12,65,278,343,2297
3,2805,101,243,268,0.0,533.0,10,15,65,64,264,2193
4,2805,63,273,315,0.0,570.0,10,16,118,2,101,2154
2,2805,68,294,0,0.0,422.0,10,17,65,238,69,2443
1,2805,74,299,175,0.0,532.0,10,18,76,233,398,2257
0,2805,207,303,40,0.0,430.0,10,19,65,55,160,2255
3,2805,141,236,290,0.0,498.0,10,22,65,206,386,2138
4,2805,73,277,243,0.0,446.0,10,23,44,83,397,2212
2,2805,82,299,1,0.0,464.0,10,24,65,58,309,2423
1,2805,110,315,158,0.0,469.0,10,25,69,30,66,2222
0,2805,263,308,25,0.0,370.0,10,26,65,223,5,2209
3,2805,155,250,316,0.0,596.0,10,29,65,267,355,2084
4,2805,89,300,206,0.0,449.0,10,30,65,128,13,2210
1,2815,89,299,172,0.0,483.0,11,01,33,2,157,2255
0,2815,211,299,43,0.0,434.0,11,02,65,166,419,2262
3,2815,104,248,391,0.0,542.0,11,05,65,4,118,2072
4,2815,69,269,393,0.0,540.0,11,06,96,116,266,2084
2,2815,68,299,0,0.0,379.0,11,07,65,67,425,2448
1,2815,72,285,305,0.0,443.0,11,08,65,138,416,2153
0,2815,185,302,38,0.0,454.0,11,09,65,256,264,2290
3,2815,123,228,401,0.0,574.0,11,12,65,239,333,2063
4,2815,91,280,328,0.0,468.0,11,13,112,113,29,2116
2,2815,89,263,0,0.0,391.0,11,14,65,171,166,2463
1,2815,147,282,291,0.0,540.0,11,15,44,219,101,2095
0,2815,251,295,59,0.0,435.0,11,16,65,251,198,2210
3,2815,118,230,416,0.0,442.0,11,19,65,54,384,2051
4,2815,70,278,344,0.0,485.0,11,20,13,2,395,2123
2,2815,81,290,0,0.0,411.0,11,21,65,193,221,2444
1,2815,80,287,325,0.0,436.0,11,22,32,269,306,2123
0,2815,222,305,57,0.0,363.0,11,23,65,15,131,2231
3,2815,107,215,447,0.0,476.0,11,26,65,128,57,2046
4,2815,60,264,418,0.0,529.0,11,27,95,225,119,2073
1,2815,86,293,354,0.0,454.0,11,29,65,191,193,2082
0,2815,196,314,60,0.0,362.0,11,30,65,182,66,2245
3,2846,80,187,798,0.0,544.0,12,03,65,67,118,1781
4,2846,64,246,802,0.0,617.0,12,04,111,200,58,1734
2,2846,87,254,0,0.0,414.0,12,05,65,223,223,2505
1,2846,90,266,589,0.0,515.0,12,06,49,175,332,1901
0,2846,182,300,83,0.0,353.0,12,07,65,160,320,2281
3,2846,98,204,863,0.0,597.0,12,10,65,166,198,1681
4,2846,69,250,716,0.0,569.0,12,11,55,212,154,1811
2,2846,75,262,0,0.0,354.0,12,12,65,198,304,2509
1,2846,65,253,652,0.0,475.0,12,13,89,10,219,1876
0,2846,160,277,113,0.0,411.0,12,14,65,31,299,2296
3,2846,90,201,602,0.0,421.0,12,17,65,67,351,1953
4,2846,87,243,525,0.0,432.0,12,18,103,25,326,1991
2,2846,86,256,0,0.0,390.0,12,19,65,256,36,2504
1,2846,106,242,235,0.0,373.0,12,20,65,196,392,2263
0,2846,175,261,163,0.0,456.0,12,21,65,159,245,2247
3,2846,894,159,26,0.0,104.0,12,24,65,119,91,1767
1,2846,182,253,132,0.0,251.0,12,27,10,233,66,2279
0,2846,315,264,18,0.0,406.0,12,28,65,223,386,2249
3,2846,1085,132,28,0.0,135.0,12,31,65,75,435,1601
2,2985,108,129,0,0.0,407.0,01,02,65,128,161,2748
1,2985,120,207,444,0.0,494.0,01,03,53,212,67,2214
0,2985,218,234,65,0.0,482.0,01,04,65,131,196,2468
3,2985,113,211,439,0.0,407.0,01,07,65,117,166,2222
4,2985,98,223,444,0.0,417.0,01,08,32,225,333,2220
2,2985,85,225,0,0.0,335.0,01,09,65,55,320,2675
1,2985,94,243,363,0.0,475.0,01,10,26,1,393,2285
0,2985,177,251,1,0.0,430.0,01,11,65,271,94,2556
3,2985,99,186,487,0.0,573.0,01,14,65,31,57,2213
4,2985,71,223,417,0.0,569.0,01,15,33,261,159,2274
2,2985,80,228,0,0.0,356.0,01,16,65,67,131,2677
1,2985,71,247,326,0.0,515.0,01,17,73,118,179,2341
0,2985,196,276,1,0.0,386.0,01,18,65,54,425,2512
3,2985,114,199,468,0.0,579.0,01,21,65,239,351,2204
4,2985,73,230,436,0.0,564.0,01,22,96,116,155,2246
2,2985,86,224,0,0.0,392.0,01,23,65,178,119,2675
1,2985,91,241,401,0.0,520.0,01,24,14,175,55,2252
0,2985,186,267,1,0.0,431.0,01,25,65,256,91,2531
3,2985,94,203,426,0.0,511.0,01,28,65,122,303,2262
4,2985,61,219,385,0.0,278.0,01,29,8,41,283,2320
1,2985,96,218,325,0.0,524.0,01,31,65,197,328,2346
0,2806,283,180,2,0.0,171.0,02,01,65,240,252,2341
1,2806,392,101,447,0.0,553.0,02,07,65,191,304,1866
0,2806,373,190,3,0.0,532.0,02,08,65,156,419,2240
3,2806,67,159,758,0.0,772.0,02,11,65,67,98,1822
4,2806,51,240,648,0.0,649.0,02,12,44,2,219,1867
2,2806,61,231,0,0.0,497.0,02,13,65,17,117,2514
1,2806,73,239,605,0.0,578.0,02,14,95,212,380,1889
0,2806,159,278,1,0.0,450.0,02,15,65,223,397,2368
3,2806,104,195,728,0.0,678.0,02,18,65,185,124,1779
4,2806,62,228,663,0.0,653.0,02,19,13,2,395,1853
2,2806,65,241,0,0.0,472.0,02,20,65,93,6,2500
1,2806,81,269,540,0.0,620.0,02,21,33,112,243,1916
0,2806,178,301,1,0.0,478.0,02,22,65,198,91,2326
3,2806,122,214,752,0.0,645.0,02,25,65,253,160,1718
4,2806,109,239,644,0.0,566.0,02,26,76,233,66,1814
1,2806,254,271,116,0.0,464.0,02,28,65,153,351,2165
3,2836,213,172,708,0.0,658.0,03,04,65,27,256,1743
4,2836,67,230,736,0.0,646.0,03,05,8,111,154,1803
2,2836,56,238,0,0.0,443.0,03,06,65,160,320,2542
1,2836,45,265,589,0.0,637.0,03,07,41,51,157,1937
0,2836,130,300,4,0.0,542.0,03,08,65,170,268,2402
3,2836,81,205,690,0.0,707.0,03,11,65,67,336,1860
4,2836,59,244,642,0.0,653.0,03,12,73,116,179,1891
2,2836,61,244,0,0.0,442.0,03,13,65,162,289,2531
1,2836,62,286,417,0.0,530.0,03,14,64,181,152,2071
0,2836,174,304,4,0.0,466.0,03,15,65,52,156,2354
3,2836,107,217,607,0.0,619.0,03,18,65,122,91,1905
4,2836,72,248,553,0.0,627.0,03,19,17,30,417,1963
2,2836,77,261,0,0.0,412.0,03,20,65,54,36,2498
1,2836,81,260,457,0.0,470.0,03,21,49,175,269,2038
0,2836,168,295,3,0.0,466.0,03,22,65,240,309,2370
3,2836,111,232,585,0.0,555.0,03,25,65,172,221,1908
4,2836,83,252,525,0.0,541.0,03,26,82,83,11,1976
1,2836,84,282,522,0.0,597.0,03,28,103,212,326,1948
0,2836,239,301,1,0.0,402.0,03,29,65,160,66,2295
3,2822,126,197,611,0.0,577.0,04,01,65,4,232,1888
4,2822,67,253,514,0.0,491.0,04,02,33,34,398,1988
2,2822,59,283,0,0.0,411.0,04,03,65,128,131,2480
1,2822,60,288,429,0.0,462.0,04,04,65,138,414,2045
0,2822,185,303,1,0.0,436.0,04,05,65,243,160,2333
3,2822,104,222,592,0.0,607.0,04,08,65,24,91,1904
4,2822,69,239,578,0.0,590.0,04,09,96,116,155,1936
2,2822,64,245,0,0.0,350.0,04,10,65,223,70,2513
1,2822,52,248,434,0.0,524.0,04,11,39,148,358,2088
0,2822,155,288,0,0.0,435.0,04,12,65,122,119,2379
3,2822,113,178,609,0.0,647.0,04,15,65,239,5,1922
4,2822,54,234,552,0.0,607.0,04,16,0,257,194,1982
2,2822,57,263,0,0.0,472.0,04,17,65,256,8,2502
1,2822,76,281,458,0.0,528.0,04,18,10,233,391,2007
0,2822,230,294,1,0.0,412.0,04,19,65,15,124,2297
3,2822,109,253,533,0.0,494.0,04,22,65,251,95,1927
4,2822,60,272,576,0.0,567.0,04,23,65,162,36,1914
1,2822,85,294,452,0.0,500.0,04,25,114,220,235,1991
0,2822,215,297,0,0.0,392.0,04,26,65,170,333,2310
3,2822,152,252,544,0.0,564.0,04,29,65,95,223,1874
4,2822,152,298,290,0.0,430.0,04,30,8,225,302,2082
1,2825,247,303,384,0.0,423.0,05,02,52,116,207,1891
0,2825,348,276,1,0.0,420.0,05,03,65,283,134,2200
4,2825,135,271,606,0.0,590.0,05,07,65,253,91,1813
2,2825,81,296,0,0.0,423.0,05,08,65,223,57,2448
1,2825,92,286,538,0.0,531.0,05,09,83,83,258,1909
0,2825,166,302,0,0.0,438.0,05,10,65,193,156,2357
3,2825,119,231,599,0.0,507.0,05,13,65,128,40,1876
4,2825,76,256,601,0.0,587.0,05,14,32,30,34,1892
2,2825,69,284,0,0.0,368.0,05,15,65,172,203,2472
1,2825,72,283,482,0.0,521.0,05,16,26,175,414,1988
0,2825,224,291,1,0.0,362.0,05,17,65,54,193,2309
3,2825,100,223,602,0.0,516.0,05,20,65,77,46,1900
4,2825,64,279,563,0.0,567.0,05,21,103,110,326,1919
2,2825,60,272,0,0.0,405.0,05,22,65,124,52,2493
1,2825,61,302,447,0.0,509.0,05,23,118,169,400,2015
0,2825,193,307,0,0.0,328.0,05,24,65,15,142,2325
3,2825,86,212,644,0.0,550.0,05,27,65,68,256,1883
4,2825,54,229,632,0.0,590.0,05,28,76,2,301,1910
1,2825,73,258,517,0.0,527.0,05,30,60,116,404,1977
0,2825,179,291,0,0.0,378.0,05,31,65,107,91,2355
3,2758,87,225,702,0.0,572.0,06,03,65,166,230,1744
4,2758,65,251,592,0.0,486.0,06,04,95,212,101,1850
2,2758,144,247,0,0.0,502.0,06,05,65,67,138,2367
0,2758,890,219,3,0.0,244.0,06,07,65,68,92,1646
3,2758,114,236,673,0.0,568.0,06,10,65,186,221,1735
4,2758,55,267,624,0.0,555.0,06,11,10,245,154,1812
2,2758,60,278,0,0.0,359.0,06,12,65,93,13,2420
1,2758,65,288,507,0.0,520.0,06,13,73,2,433,1898
0,2758,193,295,4,0.0,373.0,06,14,65,65,198,2266
3,2758,95,240,640,0.0,534.0,06,17,65,254,160,1783
4,2758,65,264,558,0.0,491.0,06,18,40,219,400,1871
2,2758,78,260,0,0.0,420.0,06,19,65,67,91,2420
1,2758,90,291,444,0.0,419.0,06,20,65,138,333,1933
0,2758,188,294,0,0.0,381.0,06,21,65,160,190,2276
3,2758,101,213,692,0.0,540.0,06,24,65,152,317,1752
4,2758,67,265,573,0.0,472.0,06,25,86,233,46,1853
1,2758,85,280,478,0.0,501.0,06,27,49,203,258,1915
0,2758,229,288,2,0.0,373.0,06,28,65,178,119,2239
3,2760,115,218,512,0.0,512.0,07,01,65,237,36,1915
4,2760,87,237,490,0.0,504.0,07,02,17,212,245,1946
2,2760,82,265,0,0.0,324.0,07,03,65,17,117,2413
1,2760,95,309,434,0.0,565.0,07,04,39,46,423,1922
0,2760,210,289,0,0.0,371.0,07,05,65,122,156,2261
3,2760,155,277,536,0.0,465.0,07,08,65,253,419,1792
4,2760,75,275,466,0.0,472.0,07,09,32,225,380,1944
2,2760,123,286,0,0.0,326.0,07,10,65,223,6,2351
1,2760,102,301,371,0.0,475.0,07,11,65,72,309,1986
0,2760,244,306,0,0.0,385.0,07,12,65,67,256,2210
3,2760,144,232,396,0.0,453.0,07,15,65,173,321,1988
4,2760,100,227,426,0.0,477.0,07,16,76,252,154,2007
2,2760,96,259,0,0.0,274.0,07,17,65,68,141,2405
1,2760,113,274,310,0.0,455.0,07,18,65,135,313,2063
0,2760,236,291,0,0.0,367.0,07,19,65,40,299,2233
3,2760,223,218,438,0.0,503.0,07,22,65,185,314,1881
4,2760,206,246,449,0.0,516.0,07,23,8,83,422,1859
2,2760,224,252,0,0.0,322.0,07,24,65,67,104,2284
1,2760,276,279,347,0.0,370.0,07,25,114,220,219,1858
0,2760,396,280,1,0.0,336.0,07,26,65,86,127,2083
3,2760,475,183,424,0.0,431.0,07,29,65,105,203,1678
4,2760,434,213,382,0.0,457.0,07,30,12,219,395,1731
1,3305,546,219,285,0.0,463.0,08,01,95,194,119,2255
0,3305,687,237,2,0.0,274.0,08,02,65,93,36,2379
3,3305,462,183,392,0.0,445.0,08,05,65,223,74,2268
4,3305,427,203,392,0.0,513.0,08,06,118,116,159,2283
2,3305,421,233,1,0.0,304.0,08,07,65,251,131,2650
1,3305,430,254,364,0.0,482.0,08,08,68,25,101,2257
0,3305,496,261,3,0.0,401.0,08,09,65,185,147,2545
3,3305,394,208,424,0.0,527.0,08,12,65,134,304,2279
4,3305,345,254,411,0.0,519.0,08,13,84,219,64,2295
2,3305,430,246,2,0.0,421.0,08,14,65,143,321,2627
0,3305,1026,208,7,0.0,313.0,08,16,65,273,124,2064
3,3305,264,212,569,0.0,530.0,08,19,65,254,299,2260
4,3305,205,255,534,0.0,534.0,08,20,76,46,415,2311
2,3305,214,265,0,0.0,423.0,08,21,65,134,250,2826
1,3305,178,275,468,0.0,514.0,08,22,33,34,398,2384
0,3305,268,295,2,0.0,393.0,08,23,65,9,138,2740
3,3305,162,230,596,0.0,547.0,08,26,65,93,117,2317
4,3305,118,266,550,0.0,516.0,08,27,39,148,362,2371
1,3305,132,289,435,0.0,550.0,08,29,73,2,258,2449
0,3305,253,305,1,0.0,385.0,08,30,65,73,162,2746
3,3111,137,213,564,0.0,609.0,09,02,65,253,403,2197
4,3111,103,254,460,0.0,573.0,09,03,49,175,375,2294
2,3111,102,270,0,0.0,412.0,09,04,65,240,119,2739
1,3111,118,292,391,0.0,557.0,09,05,8,28,302,2310
0,3111,214,301,0,0.0,349.0,09,06,65,15,255,2596
3,3111,148,217,523,0.0,612.0,09,09,65,287,91,2223
4,3111,142,238,401,0.0,541.0,09,10,16,257,400,2330
2,3111,426,135,0,0.0,123.0,09,11,65,267,46,2550
3,3111,259,180,631,0.0,687.0,09,16,65,240,372,2041
4,3111,75,241,606,0.0,640.0,09,17,92,116,155,2189
2,3111,71,250,0,0.0,418.0,09,18,65,162,261,2790
1,3111,80,290,441,0.0,480.0,09,19,65,149,63,2300
0,3111,182,302,2,0.0,415.0,09,20,65,189,299,2625
3,3111,114,214,569,0.0,595.0,09,23,65,223,36,2214
4,3111,71,265,631,0.0,570.0,09,24,65,105,98,2144
1,3111,75,312,542,0.0,474.0,09,26,45,10,66,2182
0,3111,177,309,2,0.0,368.0,09,27,65,178,117,2623
3,3111,283,231,366,0.0,516.0,09,30,65,124,320,2231
2,3121,244,217,310,0.0,743.0,10,02,65,193,264,2350
0,3121,268,231,428,0.0,755.0,10,04,65,166,411,2194
3,3121,193,215,447,0.0,492.0,10,07,65,54,13,2266
4,3121,214,262,247,0.0,521.0,10,08,12,148,34,2398
1,3121,284,269,398,0.0,546.0,10,10,95,225,266,2170
0,3121,389,285,3,0.0,312.0,10,11,65,160,397,2444
3,3121,152,237,529,0.0,601.0,10,14,65,240,351,2203
4,3121,112,260,534,0.0,550.0,10,15,68,220,402,2215
2,3121,116,278,1,0.0,334.0,10,16,65,67,69,2726
1,3121,144,301,364,0.0,479.0,10,17,63,78,96,2312
0,3121,332,300,2,0.0,345.0,10,18,65,128,430,2487
3,3121,168,227,709,0.0,561.0,10,21,65,182,309,2017
4,3121,99,378,381,0.0,446.0,10,22,8,225,154,2263
2,3121,89,286,2,0.0,419.0,10,23,65,193,253,2744
1,3121,129,313,410,0.0,409.0,10,24,118,83,116,2269
0,3121,316,323,1,0.0,304.0,10,25,65,239,160,2481
3,3121,219,267,464,0.0,436.0,10,28,65,234,5,2171
4,3121,112,293,477,0.0,517.0,10,29,73,111,101,2239
1,3121,130,312,430,0.0,475.0,10,31,96,116,155,2249
0,3104,248,327,1,0.0,317.0,11,01,65,77,131,2528
3,3104,155,239,538,0.0,552.0,11,04,65,193,411,2172
4,3104,86,289,541,0.0,475.0,11,05,32,269,302,2188
2,3104,119,295,0,0.0,321.0,11,06,65,54,429,2690
1,3104,133,302,424,0.0,460.0,11,07,33,10,159,2245
0,3104,271,309,1,0.0,321.0,11,08,65,75,104,2523
3,3104,150,236,568,0.0,489.0,11,11,65,185,436,2150
4,3104,106,272,481,0.0,456.0,11,12,76,175,266,2245
2,3104,136,290,0,0.0,328.0,11,13,65,271,145,2678
1,3104,188,286,453,0.0,466.0,11,14,65,149,210,2177
0,3104,365,303,1,0.0,342.0,11,15,65,128,259,2435
3,3104,183,230,672,0.0,527.0,11,18,65,193,355,2019
4,3104,139,285,562,0.0,529.0,11,19,112,212,362,2118
2,3104,174,288,0,0.0,386.0,11,20,65,186,221,2642
1,3104,188,304,480,0.0,442.0,11,21,65,138,333,2132
0,3104,329,310,1,0.0,313.0,11,22,65,160,197,2464
3,3104,170,235,733,0.0,609.0,11,25,65,117,220,1966
4,3104,129,270,634,0.0,511.0,11,26,26,2,393,2071
1,3104,167,297,558,0.0,460.0,11,28,95,225,327,2082
0,3104,282,326,1,0.0,256.0,11,29,65,153,57,2495
3,3111,169,201,748,0.0,580.0,12,02,65,206,320,1993
4,3111,115,247,789,0.0,566.0,12,03,88,10,194,1960
2,3111,118,257,1,0.0,329.0,12,04,65,93,119,2735
1,3111,145,280,549,0.0,483.0,12,05,17,212,380,2137
0,3111,312,299,5,0.0,315.0,12,06,65,191,411,2495
3,3111,190,192,819,0.0,521.0,12,09,65,4,95,1910
4,3111,155,248,800,0.0,519.0,12,10,93,36,420,1908
2,3111,168,265,0,0.0,327.0,12,11,65,131,203,2678
1,3111,190,257,586,0.0,411.0,12,12,53,83,67,2078
0,3111,266,310,2,0.0,380.0,12,13,65,15,188,2533
3,3111,206,211,709,0.0,464.0,12,16,65,283,304,1985
4,3111,155,267,613,0.0,472.0,12,17,69,225,206,2076
2,3111,169,283,3,0.0,278.0,12,18,65,22,117,2656
1,3111,165,270,591,0.0,321.0,12,19,65,149,424,2085
0,3111,337,261,4,0.0,353.0,12,20,65,128,321,2509
3,3111,343,228,131,0.0,124.0,12,23,65,54,351,2409
4,3111,478,216,52,0.0,221.0,12,24,5,260,392,2365
1,3111,538,249,151,0.0,203.0,12,26,49,175,239,2173
0,3111,706,236,1,0.0,226.0,12,27,65,93,57,2168
3,3111,563,192,98,0.0,132.0,12,30,65,153,36,2258
1,2821,255,133,338,0.0,362.0,01,02,106,83,245,2095
0,2821,321,186,3,0.0,344.0,01,03,65,162,131,2311
3,2821,119,203,424,5.0,389.0,01,06,65,193,419,2075
4,2821,95,204,448,7.0,490.0,01,07,95,212,236,2074
2,2821,117,222,7,5.0,321.0,01,08,65,153,351,2475
1,2821,124,241,426,7.0,474.0,01,09,79,195,305,2030
0,2821,264,262,0,3.0,320.0,01,10,65,243,256,2295
3,2821,141,218,526,0.0,454.0,01,13,65,62,255,1936
4,2821,96,236,388,0.0,272.0,01,14,76,175,154,2101
2,2821,97,235,4,0.0,350.0,01,15,65,170,122,2485
1,2821,92,244,390,0.0,457.0,01,16,59,264,398,2095
0,2821,242,269,0,0.0,344.0,01,17,65,234,188,2310
3,2821,132,199,488,0.0,439.0,01,20,65,81,9,2002
4,2821,96,237,491,0.0,478.0,01,21,62,274,19,1997
2,2821,130,232,5,0.0,354.0,01,22,65,67,352,2454
1,2821,481,141,38,0.0,117.0,01,23,65,138,426,2161
4,2821,284,143,670,0.0,639.0,01,28,73,116,67,1724
1,2821,76,261,482,0.0,497.0,01,30,96,212,269,2002
0,2821,183,265,0,0.0,368.0,01,31,65,101,131,2373
3,2872,101,208,537,1.0,495.0,02,03,65,172,333,2026
4,2872,72,222,471,0.0,304.0,02,04,32,225,412,2107
2,2872,62,215,4,0.0,276.0,02,05,65,55,320,2591
1,2872,90,233,426,0.0,369.0,02,06,105,83,356,2123
0,2872,140,247,2,0.0,326.0,02,07,65,253,346,2483
3,2872,65,136,617,0.0,633.0,02,10,65,74,45,2054
4,2872,52,198,748,0.0,668.0,02,11,90,11,361,1874
2,2872,65,210,5,0.0,411.0,02,12,65,223,160,2592
1,2872,71,249,620,0.0,575.0,02,13,65,149,210,1932
0,2872,160,273,0,0.0,436.0,02,14,65,31,272,2439
3,2872,74,196,722,0.0,649.0,02,17,65,59,299,1880
4,2872,47,239,666,0.0,630.0,02,18,112,212,26,1920
2,2872,62,224,1,0.0,434.0,02,19,65,166,419,2585
1,2872,78,254,549,0.0,542.0,02,20,114,83,235,1991
0,2872,181,277,0,0.0,380.0,02,21,65,54,36,2414
3,2872,144,156,846,0.0,767.0,02,24,65,153,5,1726
4,2872,117,158,806,0.0,776.0,02,25,68,25,258,1791
1,2872,121,217,667,5.0,673.0,02,27,88,10,219,1867
0,2872,210,234,0,7.0,414.0,02,28,65,253,140,2428
3,2950,108,133,786,14.0,771.0,03,02,65,176,221,1923
4,2950,76,185,753,12.0,598.0,03,03,12,219,157,1936
2,2950,74,205,1,19.0,462.0,03,04,65,267,191,2670
1,2950,84,232,612,15.0,630.0,03,05,76,249,283,2022
0,2950,166,251,0,12.0,379.0,03,06,65,43,178,2533
3,2950,91,129,784,16.0,640.0,03,09,65,251,139,1946
4,2950,67,168,678,20.0,575.0,03,10,78,11,172,2037
2,2950,74,197,0,23.0,487.0,03,11,65,128,146,2679
1,2950,78,243,555,17.0,614.0,03,12,38,109,170,2074
0,2950,165,259,0,20.0,343.0,03,13,65,243,100,2526
3,2950,69,138,789,21.0,630.0,03,16,65,193,184,1954
4,2950,61,171,679,20.0,520.0,03,17,63,268,199,2039
2,2950,47,210,0,25.0,383.0,03,18,65,62,382,2693
1,2950,70,235,560,19.0,541.0,03,19,63,196,406,2085
0,2950,176,263,3,135.0,358.0,03,20,65,8,372,2508
3,2950,109,178,687,285.0,651.0,03,23,65,54,231,1976
4,2950,131,137,639,303.0,754.0,03,24,73,2,121,2043
2,2950,122,146,1,303.0,526.0,03,25,97,227,246,2681
1,2950,133,133,584,288.0,645.0,03,26,32,212,414,2100
0,2950,254,156,0,260.0,377.0,03,27,65,170,309,2540
3,2950,230,53,627,488.0,625.0,03,30,65,105,105,2040
4,2950,193,43,528,533.0,601.0,03,31,103,102,324,2186
2,2962,228,56,0,420.0,561.0,04,01,65,160,401,2678
1,2962,236,89,490,395.0,645.0,04,02,29,257,217,2147
0,2962,350,149,1,340.0,318.0,04,03,65,240,251,2462
3,2962,206,152,713,477.0,655.0,04,06,65,122,379,1891
4,2962,164,156,698,490.0,634.0,04,07,93,182,31,1944
2,2962,159,172,1,479.0,445.0,04,08,65,129,75,2630
1,2962,154,186,544,488.0,458.0,04,09,61,0,222,2078
0,2962,316,209,0,417.0,302.0,04,10,65,67,166,2437
3,2962,165,146,619,447.0,564.0,04,13,65,166,126,2032
4,2962,200,176,274,485.0,453.0,04,14,79,123,48,2312
1,2962,265,182,498,447.0,500.0,04,16,47,116,99,2017
0,2962,325,221,3,389.0,305.0,04,17,65,139,87,2413
3,2962,145,143,624,471.0,594.0,04,20,65,62,42,2050
4,2962,126,171,700,450.0,542.0,04,21,65,70,315,1965
2,2962,132,204,2,443.0,439.0,04,22,65,16,316,2624
1,2962,107,251,518,437.0,461.0,04,23,65,231,411,2086
0,2962,232,267,1,387.0,309.0,04,24,65,42,283,2462
3,2962,125,192,706,418.0,570.0,04,27,65,5,77,1939
4,2962,118,223,493,410.0,482.0,04,28,63,286,165,2128
2,2962,221,250,0,396.0,192.0,04,29,65,279,158,2491
3,2962,1113,117,91,189.0,123.0,05,04,65,50,12,1641
2,2962,104,177,2,291.0,495.0,05,06,28,19,376,2679
1,2962,76,236,577,285.0,462.0,05,07,65,215,348,2073
0,2962,153,265,0,246.0,371.0,05,08,12,216,241,2544
3,2962,94,195,659,245.0,599.0,05,11,46,0,102,2014
4,2962,67,230,690,250.0,486.0,05,12,65,229,0,1975
2,2962,68,242,0,236.0,403.0,05,13,65,188,186,2652
1,2962,71,281,488,212.0,424.0,05,14,65,145,367,2122
0,2962,161,296,0,201.0,265.0,05,15,65,11,167,2505
3,2962,96,223,701,246.0,573.0,05,18,65,178,66,1942
4,2962,78,235,617,237.0,440.0,05,19,1,103,32,2032
2,2962,71,243,0,258.0,336.0,05,20,65,93,36,2648
1,2962,63,269,474,218.0,445.0,05,21,68,30,155,2156
0,2962,226,277,0,206.0,291.0,05,22,65,67,30,2459
3,2962,98,206,732,229.0,488.0,05,25,65,150,419,1926
4,2962,70,220,649,200.0,502.0,05,26,10,116,159,2023
2,2962,65,234,2,235.0,339.0,05,27,65,61,140,2661
1,2962,66,270,431,212.0,361.0,05,28,65,66,49,2195
0,2962,236,284,1,202.0,235.0,05,29,65,270,88,2441
3,2956,109,185,612,215.0,463.0,06,01,65,243,254,2050
4,2956,64,231,605,213.0,434.0,06,02,76,148,51,2056
2,2956,63,251,0,191.0,374.0,06,03,65,55,160,2642
1,2956,71,284,403,208.0,353.0,06,04,65,4,197,2198
0,2956,233,291,0,176.0,251.0,06,05,65,198,164,2432
3,2956,121,236,566,201.0,477.0,06,08,65,24,18,2033
4,2956,68,253,519,177.0,449.0,06,09,51,253,187,2116
2,2956,75,248,4,201.0,320.0,06,10,65,17,117,2629
1,2956,82,280,399,172.0,439.0,06,11,68,245,387,2195
0,2956,204,303,2,175.0,266.0,06,12,65,128,153,2447
2,2997,71,252,9,153.0,343.0,07,01,65,62,66,2665
1,2997,82,268,446,152.0,441.0,07,02,8,111,54,2201
0,2997,261,288,1,157.0,269.0,07,03,65,28,380,2447
3,2997,126,220,626,172.0,454.0,07,06,65,168,137,2025
4,2997,77,242,575,152.0,472.0,07,07,73,219,65,2103
2,2997,77,251,7,158.0,369.0,07,08,65,57,200,2662
1,2997,99,290,449,159.0,401.0,07,09,122,225,364,2159
0,2997,233,290,0,135.0,246.0,07,10,65,67,297,2474
3,2997,118,225,632,148.0,489.0,07,13,65,138,295,2022
4,2997,80,224,561,143.0,342.0,07,14,65,32,103,2132
2,2997,80,248,4,183.0,343.0,07,15,65,221,117,2665
1,2997,102,274,411,166.0,379.0,07,16,65,91,315,2210
0,2997,249,291,2,148.0,237.0,07,17,65,75,184,2455
3,2997,157,220,518,140.0,481.0,07,20,100,14,418,2102
4,2997,138,222,519,129.0,467.0,07,21,123,128,244,2118
2,2997,165,250,9,149.0,414.0,07,22,76,213,312,2573
1,2997,156,274,377,134.0,380.0,07,23,123,44,169,2190
0,2997,344,281,0,115.0,237.0,07,24,123,82,14,2372
3,2997,271,182,728,120.0,552.0,07,27,123,243,248,1816
4,2997,252,213,565,150.0,396.0,07,28,75,246,218,1967
2,2997,256,233,11,150.0,280.0,07,29,123,242,322,2497
1,2997,346,242,395,130.0,426.0,07,30,110,258,300,2014
0,2997,496,261,0,125.0,231.0,07,31,123,236,73,2240
3,2989,494,155,446,115.0,440.0,08,03,123,40,368,1894
4,2989,464,172,463,115.0,446.0,08,04,123,11,35,1890
2,2989,490,182,7,115.0,337.0,08,05,72,116,247,2310
1,2989,482,218,364,109.0,373.0,08,06,123,5,150,1925
0,2989,605,239,1,142.0,261.0,08,07,116,37,168,2144
3,2989,476,191,548,95.0,520.0,08,10,106,213,215,1774
4,2989,456,188,465,102.0,342.0,08,11,123,178,183,1880
2,2989,449,213,12,111.0,337.0,08,12,123,69,123,2315
1,2989,504,245,353,112.0,270.0,08,13,123,153,229,1887
0,2989,644,256,1,116.0,212.0,08,14,2,163,44,2088
4,2989,469,195,534,105.0,501.0,08,18,57,116,290,1791
2,2989,420,227,10,126.0,375.0,08,19,101,218,216,2332
1,2989,390,232,477,125.0,433.0,08,20,123,199,374,1890
0,2989,497,249,0,149.0,240.0,08,21,123,26,16,2243
3,2989,302,185,683,249.0,608.0,08,24,50,264,351,1819
4,2989,219,190,757,285.0,632.0,08,25,123,3,308,1823
2,2989,215,197,2,363.0,495.0,08,26,123,45,115,2575
1,2989,205,211,575,316.0,522.0,08,27,123,226,315,1998
0,2989,320,230,0,297.0,354.0,08,28,123,251,298,2439
3,2989,183,163,648,464.0,649.0,08,31,123,24,345,1995
4,3132,73,111,630,527.0,497.0,09,01,123,223,3,2318
2,3132,78,155,0,522.0,390.0,09,02,123,117,98,2899
1,3132,119,195,531,511.0,445.0,09,03,123,222,234,2287
0,3132,208,221,3,462.0,341.0,09,04,123,128,75,2700
3,3132,122,163,774,439.0,603.0,09,07,123,187,299,2073
4,3132,91,173,730,441.0,478.0,09,08,123,193,330,2138
2,3132,102,180,3,424.0,374.0,09,09,123,63,60,2847
1,3132,106,220,600,430.0,514.0,09,10,103,214,319,2206
0,3132,211,259,2,376.0,287.0,09,11,123,153,223,2660
3,3132,102,188,725,368.0,547.0,09,14,123,117,325,2117
4,3132,79,209,676,422.0,421.0,09,15,123,186,89,2168
2,3132,72,229,0,361.0,362.0,09,16,123,92,249,2831
1,3132,84,245,588,368.0,504.0,09,17,123,168,273,2215
0,3132,241,281,1,310.0,256.0,09,18,123,256,17,2609
3,3132,105,210,742,354.0,616.0,09,21,123,153,292,2075
4,3132,99,224,600,342.0,384.0,09,22,123,67,330,2209
2,3132,88,234,1,345.0,412.0,09,23,98,21,1,2809
1,3132,102,262,505,314.0,392.0,09,24,123,282,25,2263
0,3132,237,287,1,265.0,230.0,09,25,123,17,38,2607
3,3132,985,188,81,142.0,165.0,09,28,123,209,98,1878
3,3008,91,131,825,292.0,595.0,10,05,123,67,34,1961
4,3008,64,183,804,279.0,545.0,10,06,123,253,125,1957
2,3008,54,232,6,292.0,547.0,10,07,123,98,50,2716
1,3008,88,225,734,249.0,345.0,10,08,123,158,293,1961
3,3008,105,215,555,221.0,466.0,10,12,123,221,112,2133
4,3008,72,248,534,188.0,420.0,10,13,123,122,90,2154
2,3008,68,267,3,171.0,382.0,10,14,123,183,149,2670
1,3008,97,269,898,175.0,400.0,10,15,36,60,311,1744
0,3008,180,270,4,180.0,436.0,10,16,123,234,422,2554
3,3008,143,211,588,135.0,457.0,10,19,123,54,224,2066
4,3008,84,241,518,144.0,372.0,10,20,74,20,63,2165
2,3008,107,239,6,160.0,336.0,10,21,123,15,259,2656
1,3008,116,271,791,162.0,423.0,10,22,123,128,247,1830
0,3008,223,283,2,135.0,389.0,10,23,123,178,43,2500
3,3008,156,228,570,144.0,444.0,10,26,123,166,347,2054
4,3008,105,265,496,136.0,392.0,10,27,67,213,290,2142
2,3008,105,287,3,138.0,293.0,10,28,123,141,291,2613
1,3008,131,298,418,137.0,388.0,10,29,11,225,263,2161
0,3008,340,298,1,107.0,259.0,10,30,123,250,285,2369
3,3021,162,213,616,132.0,498.0,11,02,123,193,353,2030
4,3021,100,270,530,107.0,356.0,11,03,77,201,111,2121
2,3021,112,283,1,123.0,334.0,11,04,123,253,288,2625
1,3021,114,306,464,116.0,422.0,11,05,123,14,341,2137
0,3021,266,305,1,119.0,276.0,11,06,71,29,202,2449
3,3021,144,241,691,131.0,430.0,11,09,123,54,225,1945
4,3021,104,289,526,124.0,335.0,11,10,99,219,342,2102
2,3021,105,303,1,115.0,316.0,11,11,123,33,8,2612
1,3021,125,308,464,105.0,319.0,11,12,123,40,331,2124
0,3021,317,292,0,116.0,226.0,11,13,123,11,390,2412
3,3021,164,217,733,128.0,478.0,11,16,123,207,68,1907
4,3021,112,274,691,119.0,406.0,11,17,123,126,182,1944
2,3021,93,282,0,123.0,305.0,11,18,123,97,317,2646
1,3021,144,277,541,110.0,486.0,11,19,18,76,363,2059
0,3021,343,292,0,147.0,220.0,11,20,123,128,244,2386
3,3021,198,208,899,261.0,730.0,11,23,123,159,201,1716
4,3021,202,181,878,357.0,704.0,11,24,123,244,181,1760
2,3021,206,191,3,387.0,0.0,11,25,124,13,80,2621
1,3021,230,219,641,391.0,606.0,11,26,123,213,370,1931
0,3021,406,235,2,301.0,303.0,11,27,102,284,114,2378
3,3021,253,148,798,345.0,712.0,11,30,123,65,21,1822
4,2990,204,161,878,408.0,685.0,12,01,30,281,247,1747
2,2990,223,157,5,398.0,523.0,12,02,123,11,185,2605
1,2990,242,219,667,361.0,466.0,12,03,123,88,337,1862
0,2990,427,233,3,292.0,197.0,12,04,123,186,79,2327
3,2990,211,185,941,339.0,742.0,12,07,123,204,373,1653
4,2990,172,182,852,377.0,679.0,12,08,12,115,275,1784
2,2990,199,191,2,419.0,384.0,12,09,123,128,421,2598
1,2990,212,229,683,337.0,518.0,12,10,37,219,151,1866
0,2990,398,228,0,292.0,334.0,12,11,123,250,278,2364
3,2990,221,142,892,336.0,666.0,12,14,123,38,265,1735
4,2990,203,179,814,400.0,633.0,12,15,3,155,342,1794
2,2990,195,187,1,359.0,450.0,12,16,123,158,318,2607
1,2990,226,184,653,334.0,438.0,12,17,123,165,345,1927
0,2990,403,196,1,307.0,274.0,12,18,123,85,360,2390
3,2990,248,153,526,339.0,327.0,12,21,115,12,107,2063
4,2990,270,171,362,330.0,319.0,12,22,123,177,109,2187
2,2990,402,193,5,324.0,354.0,12,23,76,72,407,2390
1,2990,777,160,24,273.0,131.0,12,24,123,266,83,2029
3,2983,92,91,490,340.0,598.0,01,04,123,130,257,2310
4,2983,99,156,500,390.0,484.0,01,05,35,247,28,2228
2,2983,85,156,11,433.0,377.0,01,06,123,14,419,2731
1,2983,98,182,413,421.0,342.0,01,07,123,15,205,2290
0,2983,255,218,0,373.0,250.0,01,08,123,6,125,2510
3,2983,105,158,517,369.0,451.0,01,11,123,205,261,2203
4,2983,83,168,433,404.0,317.0,01,12,123,84,282,2299
2,2983,80,175,8,393.0,360.0,01,13,66,0,279,2720
1,2983,90,205,428,370.0,439.0,01,14,123,282,316,2260
0,2983,229,222,0,339.0,277.0,01,15,123,164,98,2532
3,2983,67,163,509,357.0,460.0,01,18,123,122,78,2244
4,2983,62,176,508,372.0,414.0,01,19,123,133,163,2237
2,2983,75,198,4,391.0,421.0,01,20,12,114,212,2706
1,2983,92,231,462,351.0,353.0,01,21,123,158,227,2198
0,2983,255,248,1,303.0,217.0,01,22,123,162,276,2479
3,2983,107,153,616,327.0,502.0,01,25,123,193,344,2107
4,2983,69,183,551,362.0,480.0,01,26,81,161,296,2180
