day,numbers,dayoff,work,outsidework,workfhome,lunch_t,dinner_t,Month,Date,bob,soup,main,bobd,soupd,maind,present
3,2601,50,150,238,0.0,1039.0,331.0,02,01,22,189,236,66,224,341,2163
4,2601,50,173,319,0.0,867.0,560.0,02,02,22,28,8,110,183,335,2059
2,2601,56,180,111,0.0,1017.0,573.0,02,03,49,249,334,66,244,430,2254
1,2601,104,220,355,0.0,978.0,525.0,02,04,22,149,309,35,213,172,1922
0,2601,278,181,34,0.0,925.0,330.0,02,05,22,75,106,66,240,92,2108
1,2601,383,143,417,0.0,1045.0,550.0,02,11,22,161,384,97,84,57,1658
0,2601,389,156,93,0.0,909.0,598.0,02,12,22,36,98,66,33,193,1963
3,2601,87,204,482,0.0,1268.0,672.0,02,15,22,159,69,66,281,144,1828
4,2601,72,236,526,0.0,1014.0,523.0,02,16,22,149,354,66,68,268,1767
2,2601,78,250,23,0.0,916.0,588.0,02,17,22,41,235,44,84,240,2250
1,2601,77,254,367,0.0,910.0,489.0,02,18,15,208,29,66,167,174,1903
0,2601,145,252,69,0.0,763.0,597.0,02,19,22,52,132,66,150,64,2135
3,2601,90,207,434,0.0,1298.0,645.0,02,22,22,146,19,66,207,154,1870
4,2601,57,237,488,0.0,899.0,610.0,02,23,22,235,93,66,257,414,1819
2,2601,54,232,14,0.0,1022.0,514.0,02,24,29,249,226,66,194,167,2301
1,2601,56,261,335,0.0,917.0,531.0,02,25,22,120,68,9,226,54,1949
0,2601,144,278,42,0.0,766.0,585.0,02,26,22,154,283,66,55,224,2137
3,2601,595,168,110,0.0,869.0,344.0,02,29,22,175,305,66,125,76,1728
2,2624,127,182,261,0.0,1127.0,631.0,03,02,22,151,309,66,68,204,2054
1,2624,61,224,351,0.0,1000.0,473.0,03,03,22,24,355,33,213,155,1988
0,2624,83,247,79,0.0,837.0,673.0,03,04,22,118,8,66,199,198,2215
3,2624,50,195,456,0.0,1326.0,625.0,03,07,22,235,68,66,59,125,1923
4,2624,47,212,426,0.0,1026.0,609.0,03,08,22,226,36,106,3,271,1939
2,2624,43,225,0,0.0,901.0,523.0,03,09,22,121,107,66,224,246,2356
1,2624,55,245,290,0.0,847.0,525.0,03,10,22,18,74,42,234,25,2034
0,2624,108,275,76,0.0,728.0,591.0,03,11,22,110,242,66,192,384,2165
3,2624,61,183,376,0.0,1286.0,586.0,03,14,22,171,96,66,54,11,2004
4,2624,38,231,399,0.0,958.0,545.0,03,15,22,165,225,91,12,362,1956
2,2624,50,213,0,0.0,998.0,531.0,03,16,4,236,166,66,141,426,2361
1,2624,52,242,327,0.0,832.0,548.0,03,17,22,129,354,112,182,195,2003
0,2624,118,277,57,0.0,757.0,521.0,03,18,22,159,384,66,56,340,2172
3,2624,65,205,329,0.0,1030.0,605.0,03,21,22,36,175,66,163,298,2025
4,2624,41,208,378,0.0,917.0,585.0,03,22,22,152,343,7,3,363,1997
2,2624,42,236,0,0.0,963.0,544.0,03,23,52,78,331,66,180,136,2346
1,2624,53,251,293,0.0,876.0,507.0,03,24,22,120,235,97,117,57,2027
0,2624,98,275,59,0.0,861.0,523.0,03,25,22,48,299,66,49,83,2192
3,2624,77,197,299,0.0,1193.0,637.0,03,28,22,175,68,66,257,335,2051
4,2624,52,245,259,0.0,892.0,465.0,03,29,22,193,309,121,220,131,2068
2,2624,48,230,0,0.0,1033.0,463.0,03,30,26,223,288,66,183,144,2346
1,2624,36,248,158,0.0,781.0,526.0,03,31,22,89,98,86,226,156,2182
0,2643,103,254,47,0.0,661.0,591.0,04,01,22,114,21,66,160,287,2239
3,2643,62,221,367,0.0,1237.0,614.0,04,04,22,157,236,66,68,42,1993
4,2643,31,242,370,0.0,840.0,555.0,04,05,22,121,285,13,3,23,2000
2,2643,37,249,0,0.0,876.0,492.0,04,06,22,191,305,66,94,360,2357
1,2643,47,258,339,0.0,853.0,524.0,04,07,22,171,139,9,213,303,1999
0,2643,87,283,64,0.0,764.0,542.0,04,08,22,110,253,66,199,193,2209
3,2643,82,203,392,0.0,1225.0,536.0,04,11,22,161,384,66,159,5,1966
4,2643,76,225,239,0.0,771.0,500.0,04,12,22,118,228,105,221,155,2103
1,2643,106,252,326,0.0,969.0,562.0,04,14,22,154,98,49,264,240,1959
0,2643,131,281,82,0.0,579.0,582.0,04,15,22,42,74,66,73,272,2149
3,2643,81,225,330,0.0,1120.0,525.0,04,18,22,110,95,66,41,335,2007
4,2643,44,239,387,0.0,980.0,449.0,04,19,22,211,59,24,220,234,1973
2,2643,47,262,0,0.0,849.0,504.0,04,20,51,24,147,66,183,99,2334
1,2643,66,264,312,0.0,940.0,531.0,04,21,22,50,232,74,263,417,2001
0,2643,150,275,86,0.0,698.0,557.0,04,22,22,121,123,66,167,398,2132
3,2643,96,201,281,0.0,1227.0,528.0,04,25,22,235,87,66,180,287,2065
4,2643,51,227,304,0.0,795.0,568.0,04,26,22,149,309,88,84,267,2061
2,2643,71,234,0,0.0,1028.0,490.0,04,27,13,99,46,66,244,384,2338
1,2643,56,269,196,0.0,811.0,508.0,04,28,22,100,264,96,138,8,2122
0,2643,139,282,28,0.0,652.0,507.0,04,29,22,58,168,66,75,47,2194
3,2635,80,214,302,0.0,1242.0,551.0,05,02,22,159,68,66,133,48,2039
4,2635,65,251,292,0.0,964.0,515.0,05,03,4,92,156,66,131,399,2027
2,2635,150,244,0,0.0,723.0,636.0,05,04,22,152,283,106,117,278,2241
3,2635,101,233,344,0.0,1216.0,591.0,05,09,22,88,384,66,55,7,1957
4,2635,53,252,350,0.0,1008.0,519.0,05,10,22,235,175,14,2,363,1980
2,2635,60,266,0,0.0,915.0,423.0,05,11,17,162,108,66,257,420,2309
1,2635,71,274,315,0.0,753.0,532.0,05,12,22,188,318,28,226,172,1975
0,2635,185,268,80,0.0,761.0,517.0,05,13,22,64,139,66,159,383,2102
3,2635,99,216,368,0.0,1180.0,594.0,05,16,22,5,98,66,56,352,1952
4,2635,41,254,377,0.0,899.0,633.0,05,17,22,71,36,77,213,155,1963
2,2635,71,257,0,0.0,856.0,456.0,05,18,31,99,334,66,141,430,2307
1,2635,65,266,264,0.0,898.0,529.0,05,19,22,180,166,55,265,220,2040
0,2635,169,287,56,0.0,653.0,487.0,05,20,22,157,80,66,224,77,2123
3,2635,88,203,362,0.0,1160.0,613.0,05,23,22,123,233,66,163,107,1982
4,2635,74,234,310,0.0,1107.0,465.0,05,24,22,250,53,97,84,35,2017
2,2635,72,258,0,0.0,938.0,454.0,05,25,14,104,354,66,68,144,2305
1,2635,64,285,227,0.0,783.0,520.0,05,26,22,153,19,92,12,367,2059
0,2635,163,291,61,0.0,660.0,493.0,05,27,22,110,79,66,41,133,2120
3,2635,73,215,291,0.0,1231.0,631.0,05,30,22,236,65,66,272,194,2056
4,2635,50,250,185,0.0,921.0,535.0,05,31,22,24,68,96,176,271,2150
2,2637,75,245,0,0.0,916.0,490.0,06,01,41,9,288,66,183,48,2317
1,2637,81,258,301,0.0,850.0,483.0,06,02,22,185,156,26,220,47,1997
0,2637,191,268,64,0.0,721.0,548.0,06,03,22,226,318,66,173,274,2114
4,2637,115,192,389,0.0,1244.0,629.0,06,07,22,120,98,110,3,199,1941
2,2637,58,240,0,0.0,931.0,500.0,06,08,22,227,251,66,224,341,2339
1,2637,69,252,359,0.0,829.0,506.0,06,09,22,89,117,104,195,320,1957
0,2637,151,270,61,0.0,697.0,509.0,06,10,22,64,283,66,183,204,2155
3,2637,98,209,415,0.0,1243.0,590.0,06,13,22,123,305,66,75,226,1915
4,2637,56,241,432,0.0,973.0,593.0,06,14,22,110,79,74,117,434,1908
2,2637,60,260,0,0.0,984.0,535.0,06,15,49,78,127,66,55,426,2317
1,2637,73,263,336,0.0,800.0,524.0,06,16,22,118,5,77,47,379,1965
0,2637,165,291,60,0.0,694.0,484.0,06,17,22,36,95,66,155,335,2121
3,2637,101,257,344,0.0,1146.0,585.0,06,20,22,171,130,66,278,268,1935
4,2637,49,248,349,0.0,1091.0,645.0,06,21,22,52,12,10,137,389,1991
2,2637,47,258,0,0.0,1022.0,467.0,06,22,22,161,91,66,56,363,2332
1,2637,53,271,346,0.0,877.0,588.0,06,23,22,149,145,81,261,306,1967
0,2637,169,284,52,0.0,805.0,475.0,06,24,22,56,160,66,167,420,2132
3,2637,96,227,300,0.0,1142.0,609.0,06,27,22,110,384,66,32,175,2014
4,2637,63,253,226,0.0,917.0,535.0,06,28,22,211,34,46,11,397,2095
2,2637,67,248,0,0.0,820.0,487.0,06,29,22,235,9,66,244,298,2322
1,2637,76,247,151,0.0,886.0,446.0,06,30,22,113,80,86,26,21,2163
0,2643,145,215,41,0.0,879.0,513.0,07,01,22,154,296,66,239,67,2242
3,2643,88,190,385,0.0,1292.0,582.0,07,04,22,5,175,66,194,99,1980
4,2643,55,226,376,0.0,952.0,551.0,07,05,22,151,56,7,84,398,1986
2,2643,56,224,0,0.0,939.0,484.0,07,06,4,3,70,66,171,321,2363
1,2643,64,238,340,0.0,857.0,494.0,07,07,22,64,21,66,266,86,2001
0,2643,155,260,60,0.0,863.0,534.0,07,08,22,202,15,66,180,47,2168
3,2643,121,210,366,0.0,1115.0,630.0,07,11,22,261,98,66,129,7,1946
4,2643,72,223,382,0.0,919.0,519.0,07,12,22,13,254,42,176,282,1966
2,2643,79,241,0,0.0,866.0,483.0,07,13,13,184,184,66,161,430,2323
1,2643,84,252,308,0.0,781.0,550.0,07,14,22,110,144,33,109,52,1999
0,2643,189,261,55,0.0,867.0,503.0,07,15,22,120,123,66,199,265,2138
3,2643,126,208,343,0.0,1158.0,596.0,07,18,22,157,103,66,50,43,1966
4,2643,111,233,263,0.0,888.0,424.0,07,19,22,161,159,109,84,82,2036
2,2643,124,238,0,0.0,844.0,443.0,07,20,22,130,168,66,65,378,2281
1,2643,115,255,263,0.0,733.0,446.0,07,21,22,205,40,44,12,335,2010
0,2643,251,272,47,0.0,661.0,501.0,07,22,48,99,29,66,63,67,2073
3,2643,277,180,247,0.0,1086.0,584.0,07,25,22,151,181,66,252,111,1939
4,2643,260,185,269,0.0,927.0,582.0,07,26,22,229,166,104,226,320,1929
2,2643,299,192,0,0.0,872.0,423.0,07,27,22,159,114,66,183,99,2152
1,2643,340,204,197,0.0,816.0,434.0,07,28,22,36,386,107,84,284,1902
0,2643,486,207,36,0.0,671.0,472.0,07,29,38,56,58,66,179,149,1914
3,2644,512,109,238,0.0,1055.0,510.0,08,01,22,119,19,66,254,260,1785
4,2644,460,167,268,0.0,829.0,515.0,08,02,39,249,61,66,236,175,1749
2,2644,485,183,0,0.0,802.0,363.0,08,03,22,114,130,86,47,259,1976
1,2644,467,200,262,0.0,671.0,456.0,08,04,22,116,74,74,3,155,1715
0,2644,538,212,46,0.0,641.0,448.0,08,05,22,64,146,66,159,358,1848
3,2644,421,180,255,0.0,1038.0,480.0,08,08,22,259,296,66,133,360,1788
4,2644,392,182,286,0.0,874.0,470.0,08,09,22,235,167,80,253,172,1784
2,2644,411,188,0,0.0,842.0,451.0,08,10,22,131,300,66,55,426,2045
1,2644,413,202,295,0.0,845.0,530.0,08,11,22,161,193,42,168,377,1734
0,2644,587,215,60,0.0,708.0,410.0,08,12,27,78,201,66,32,227,1782
4,2644,352,177,351,0.0,1023.0,561.0,08,16,22,49,38,11,117,52,1764
2,2644,311,191,0,0.0,924.0,465.0,08,17,22,50,283,66,257,125,2142
1,2644,274,215,364,0.0,943.0,574.0,08,18,22,180,14,77,31,330,1791
0,2644,345,237,59,0.0,754.0,532.0,08,19,17,56,223,66,68,432,2003
3,2644,115,159,458,0.0,1266.0,729.0,08,22,22,36,39,66,106,130,1912
4,2644,86,211,386,0.0,1145.0,563.0,08,23,22,110,340,13,220,428,1961
2,2644,113,209,0,0.0,941.0,588.0,08,24,22,252,76,66,5,144,2322
1,2644,123,241,308,0.0,885.0,508.0,08,25,22,211,112,108,225,366,1972
0,2644,194,269,70,0.0,813.0,489.0,08,26,22,75,133,66,256,352,2111
3,2644,132,202,352,0.0,1258.0,568.0,08,29,22,157,225,66,240,92,1958
4,2644,96,242,268,0.0,901.0,514.0,08,30,22,115,19,8,84,271,2038
2,2644,98,236,0,0.0,915.0,498.0,08,31,15,3,27,66,244,68,2310
1,2769,99,250,336,0.0,953.0,468.0,09,01,22,188,159,96,81,35,2084
0,2769,177,279,76,0.0,832.0,460.0,09,02,22,162,81,66,180,132,2237
3,2769,100,225,447,0.0,1164.0,554.0,09,05,22,152,283,66,183,347,1997
4,2769,59,253,477,0.0,784.0,560.0,09,06,22,118,7,46,220,172,1980
2,2769,65,241,0,0.0,926.0,504.0,09,07,4,67,103,66,187,102,2463
1,2769,69,255,438,0.0,758.0,548.0,09,08,22,64,272,9,226,238,2007
0,2769,137,288,86,0.0,682.0,485.0,09,09,22,268,293,66,160,341,2258
3,2769,328,176,306,0.0,924.0,504.0,09,12,22,161,76,42,176,195,1959
4,2769,511,108,52,0.0,820.0,238.0,09,13,22,243,139,66,241,352,2098
3,2769,167,180,550,0.0,1271.0,662.0,09,19,22,171,278,66,163,400,1872
4,2769,69,227,588,0.0,1039.0,627.0,09,20,22,175,130,109,84,344,1885
2,2769,58,246,0,0.0,1068.0,603.0,09,21,41,249,64,66,16,261,2465
1,2769,137,253,403,0.0,891.0,533.0,09,22,22,149,298,77,36,178,1976
0,2769,165,278,99,0.0,716.0,562.0,09,23,22,188,223,66,254,274,2227
3,2769,70,224,494,0.0,1185.0,710.0,09,26,22,168,295,66,107,17,1981
4,2769,56,233,380,0.0,1033.0,550.0,09,27,22,45,13,61,117,398,2100
2,2769,50,225,0,0.0,1128.0,591.0,09,28,49,78,205,66,231,192,2494
1,2769,153,227,331,0.0,1044.0,622.0,09,29,22,64,107,104,226,320,2058
0,2769,158,256,59,0.0,843.0,539.0,09,30,22,199,59,66,19,120,2296
4,2670,59,239,1035,0.0,1262.0,902.0,10,04,22,110,175,66,257,98,1337
2,2670,41,228,0,0.0,1336.0,905.0,10,05,22,226,144,66,167,194,2401
1,2670,56,245,378,0.0,1196.0,352.0,10,06,22,100,364,80,234,57,1991
0,2670,144,252,80,0.0,843.0,554.0,10,07,22,50,361,66,224,386,2194
3,2670,104,216,443,0.0,1180.0,546.0,10,10,22,152,283,66,254,125,1907
4,2670,69,256,386,0.0,1014.0,522.0,10,11,22,160,161,13,117,60,1959
2,2670,64,251,0,0.0,951.0,527.0,10,12,32,248,215,66,284,102,2355
1,2670,66,262,612,0.0,1051.0,667.0,10,13,22,75,133,113,185,363,1730
0,2670,144,265,172,0.0,898.0,544.0,10,14,22,10,123,66,129,398,2089
3,2670,107,241,425,0.0,1196.0,527.0,10,17,22,100,225,66,268,97,1897
4,2670,53,262,394,0.0,994.0,544.0,10,18,22,36,169,21,242,25,1961
2,2670,72,267,0,0.0,933.0,475.0,10,19,22,227,293,66,183,141,2331
1,2670,105,269,281,0.0,787.0,564.0,10,20,22,57,55,71,201,243,2015
0,2670,228,280,62,0.0,760.0,442.0,10,21,47,15,184,66,55,426,2100
3,2670,120,223,367,0.0,1171.0,600.0,10,24,22,64,305,66,132,93,1960
4,2670,73,259,345,0.0,1028.0,559.0,10,25,22,211,19,74,3,434,1993
2,2670,89,258,0,0.0,854.0,410.0,10,26,4,110,86,66,161,5,2323
1,2670,94,272,240,0.0,807.0,454.0,10,27,22,61,107,66,121,335,2064
0,2670,192,277,63,0.0,731.0,475.0,10,28,22,114,38,66,199,154,2138
3,2670,134,223,255,0.0,1224.0,540.0,10,31,22,24,234,66,129,224,2058
4,2689,70,212,515,0.0,1087.0,578.0,11,01,22,170,68,88,273,57,1892
2,2689,73,231,0,0.0,1006.0,540.0,11,02,51,3,382,66,244,139,2385
1,2689,72,283,408,0.0,864.0,553.0,11,03,22,149,314,97,117,241,1926
0,2689,168,276,81,0.0,803.0,497.0,11,04,22,130,153,66,167,125,2164
3,2689,133,222,539,0.0,1156.0,506.0,11,07,22,188,296,66,105,7,1795
4,2689,60,250,503,0.0,986.0,512.0,11,08,22,226,253,23,84,310,1876
2,2689,58,267,0,0.0,920.0,499.0,11,09,17,36,39,66,141,40,2364
1,2689,73,267,385,0.0,795.0,513.0,11,10,22,29,235,9,11,423,1964
0,2689,173,286,69,0.0,652.0,426.0,11,11,22,168,340,66,56,197,2161
3,2689,92,227,461,0.0,1260.0,539.0,11,14,22,171,219,66,254,167,1909
4,2689,66,273,418,0.0,914.0,418.0,11,15,22,25,74,8,117,195,1932
2,2689,60,250,0,0.0,888.0,463.0,11,16,23,220,294,66,65,274,2379
1,2689,134,263,411,0.0,882.0,551.0,11,17,22,137,368,56,213,155,1881
0,2689,219,287,57,0.0,730.0,388.0,11,18,22,241,251,66,224,398,2126
3,2689,94,202,522,0.0,1235.0,616.0,11,21,22,162,65,66,284,144,1871
4,2689,45,238,452,0.0,1046.0,580.0,11,22,22,50,234,122,265,239,1954
2,2689,52,251,0,0.0,891.0,482.0,11,23,22,158,358,66,155,358,2386
1,2689,61,262,351,0.0,870.0,498.0,11,24,22,154,312,33,226,156,2015
0,2689,200,279,68,0.0,720.0,392.0,11,25,49,78,357,66,68,344,2142
3,2689,114,219,397,0.0,1246.0,623.0,11,28,22,146,283,66,172,93,1959
4,2689,84,218,388,0.0,900.0,587.0,11,29,22,23,305,96,234,303,1999
2,2689,68,207,0,0.0,1109.0,0.0,11,30,13,3,335,1,0,1,2414
1,2705,84,243,688,0.0,956.0,571.0,12,01,22,235,156,13,117,271,1690
0,2705,183,272,152,0.0,766.0,448.0,12,02,22,75,262,66,199,194,2098
3,2705,101,207,839,0.0,1110.0,560.0,12,05,22,157,384,66,91,256,1558
4,2705,69,222,799,0.0,930.0,593.0,12,06,22,266,193,77,176,87,1615
2,2705,69,232,0,0.0,895.0,468.0,12,07,47,208,371,66,129,334,2404
1,2705,76,262,587,0.0,787.0,512.0,12,08,22,167,261,9,11,423,1780
0,2705,196,284,152,0.0,621.0,416.0,12,09,22,225,197,66,159,352,2073
3,2705,102,193,633,0.0,1069.0,544.0,12,12,22,236,98,66,58,335,1777
4,2705,65,226,511,0.0,770.0,482.0,12,13,22,42,343,86,182,401,1903
2,2705,82,247,0,0.0,904.0,441.0,12,14,36,3,31,66,90,11,2376
1,2705,98,234,229,0.0,850.0,499.0,12,15,22,241,272,74,265,421,2144
0,2705,167,262,37,0.0,699.0,518.0,12,16,22,152,19,66,118,144,2239
3,2705,104,217,197,0.0,1215.0,482.0,12,19,22,110,312,66,224,398,2187
4,2705,89,238,126,0.0,790.0,461.0,12,20,22,235,39,104,226,320,2252
2,2705,72,230,0,0.0,929.0,494.0,12,21,22,64,132,66,180,132,2403
1,2705,118,242,32,0.0,524.0,213.0,12,22,22,36,231,80,121,220,2313
0,2705,343,243,7,0.0,560.0,398.0,12,23,22,174,127,66,63,60,2112
3,2705,206,194,63,0.0,1192.0,328.0,12,26,22,61,94,66,244,3,2242
4,2705,127,236,51,0.0,823.0,314.0,12,27,22,180,68,119,84,120,2291
2,2705,166,225,0,0.0,767.0,0.0,12,28,51,3,170,1,0,1,2314
1,2705,242,201,42,0.0,711.0,343.0,12,29,22,161,285,96,31,267,2220
0,2705,529,127,3,0.0,658.0,275.0,12,30,22,157,244,66,128,99,2046
3,2697,96,102,272,0.0,1273.0,559.0,01,02,22,128,227,66,101,181,2227
4,2697,61,158,259,0.0,1041.0,364.0,01,03,22,266,138,97,221,270,2219
2,2697,67,170,0,0.0,949.0,427.0,01,04,4,267,111,66,8,95,2460
1,2697,79,207,316,0.0,1000.0,531.0,01,05,22,211,45,32,265,161,2095
0,2697,189,224,74,0.0,830.0,523.0,01,06,22,64,130,66,72,145,2210
3,2697,121,166,445,0.0,1322.0,620.0,01,09,22,235,115,66,257,308,1965
4,2697,70,199,412,0.0,1186.0,533.0,01,10,22,151,308,16,2,158,2016
2,2697,57,223,0,0.0,1039.0,514.0,01,11,29,249,207,66,268,347,2417
1,2697,85,238,305,0.0,976.0,416.0,01,12,22,171,136,66,139,227,2069
0,2697,191,247,62,0.0,791.0,533.0,01,13,22,222,167,66,173,257,2197
3,2697,123,196,432,0.0,1273.0,571.0,01,16,22,175,285,66,5,167,1946
4,2697,75,215,380,0.0,1035.0,469.0,01,17,22,157,234,122,84,93,2027
2,2697,59,240,0,0.0,863.0,394.0,01,18,22,167,384,66,161,16,2398
1,2697,93,236,334,0.0,866.0,499.0,01,19,22,154,295,9,149,409,2034
0,2697,207,267,61,0.0,709.0,446.0,01,20,22,48,7,66,129,426,2162
3,2697,108,202,396,0.0,1152.0,509.0,01,23,22,43,76,66,158,205,1991
4,2697,63,218,273,0.0,974.0,396.0,01,24,22,170,94,33,226,267,2143
2,2697,79,203,0,0.0,720.0,0.0,01,25,49,78,293,1,0,1,2415
1,2697,369,117,28,0.0,844.0,147.0,01,26,22,110,217,66,175,120,2183
4,2697,177,58,278,0.0,1240.0,680.0,01,31,22,100,270,13,36,417,2184
2,2632,61,179,0,0.0,1260.0,566.0,02,01,22,160,40,66,240,344,2392
1,2632,45,217,427,0.0,1005.0,549.0,02,02,22,20,255,59,229,303,1943
0,2632,104,253,92,0.0,854.0,582.0,02,03,22,235,218,66,154,38,2183
3,2632,49,202,610,0.0,1319.0,768.0,02,06,22,42,68,66,143,398,1771
4,2632,40,207,565,0.0,1114.0,554.0,02,07,22,50,294,66,167,125,1820
2,2632,52,206,0,0.0,1068.0,548.0,02,08,51,78,80,66,194,222,2374
1,2632,65,227,377,0.0,953.0,583.0,02,09,22,109,244,77,176,285,1963
0,2632,149,284,59,0.0,797.0,505.0,02,10,42,143,45,66,244,194,2140
3,2632,61,196,505,0.0,1364.0,689.0,02,13,22,151,305,66,129,37,1870
4,2632,53,223,444,0.0,997.0,566.0,02,14,22,64,309,88,84,220,1912
2,2632,51,233,0,0.0,1045.0,505.0,02,15,22,74,254,66,199,132,2348
1,2632,56,240,419,0.0,968.0,567.0,02,16,22,266,225,74,3,377,1917
0,2632,144,269,73,0.0,753.0,494.0,02,17,22,171,123,66,257,47,2146
3,2632,104,199,494,0.0,1216.0,648.0,02,20,22,180,115,66,187,11,1835
4,2632,63,226,445,0.0,1004.0,559.0,02,21,22,114,62,25,119,267,1898
2,2632,75,252,0,0.0,1065.0,0.0,02,22,13,208,213,1,0,1,2305
1,2632,75,272,307,0.0,917.0,534.0,02,23,22,235,117,96,31,381,1978
0,2632,174,291,63,0.0,698.0,463.0,02,24,22,154,49,66,161,3,2104
3,2632,134,181,368,0.0,1141.0,563.0,02,27,22,117,384,66,284,356,1949
4,2632,156,203,179,0.0,956.0,536.0,02,28,22,128,269,9,40,357,2094
1,2627,190,215,428,0.0,1057.0,593.0,03,02,22,58,360,122,226,240,1794
0,2627,174,256,70,0.0,926.0,578.0,03,03,49,78,166,66,268,253,2127
3,2627,63,201,490,0.0,1311.0,658.0,03,06,22,171,252,66,25,268,1873
4,2627,41,214,455,0.0,994.0,545.0,03,07,22,244,108,95,84,270,1917
2,2627,46,233,0,0.0,879.0,518.0,03,08,6,97,283,66,240,383,2348
1,2627,55,254,346,0.0,954.0,519.0,03,09,22,167,133,11,265,208,1972
0,2627,145,291,63,0.0,664.0,461.0,03,10,22,177,377,66,118,62,2128
3,2627,82,211,449,0.0,1295.0,596.0,03,13,22,188,175,66,224,17,1885
4,2627,46,230,437,0.0,972.0,533.0,03,14,22,61,170,109,3,352,1914
2,2627,40,234,0,0.0,961.0,486.0,03,15,22,23,262,66,132,144,2353
1,2627,47,259,357,0.0,951.0,504.0,03,16,22,193,98,33,26,434,1964
0,2627,129,299,59,0.0,625.0,429.0,03,17,22,18,330,66,194,194,2140
3,2627,86,207,390,0.0,1328.0,556.0,03,20,22,167,348,66,94,83,1944
4,2627,55,222,454,0.0,940.0,647.0,03,21,22,42,235,40,117,160,1896
2,2627,53,235,0,0.0,953.0,0.0,03,22,22,58,293,1,0,1,2339
1,2627,62,245,321,0.0,911.0,557.0,03,23,22,232,117,113,234,35,1999
0,2627,181,279,50,0.0,644.0,518.0,03,24,22,50,39,66,192,93,2117
3,2627,105,242,360,0.0,1114.0,501.0,03,27,22,170,223,66,129,37,1920
4,2627,44,248,368,0.0,970.0,504.0,03,28,22,144,309,120,84,214,1967
2,2627,42,237,0,0.0,966.0,474.0,03,29,25,249,269,66,211,111,2348
1,2627,67,278,223,0.0,802.0,497.0,03,30,22,123,184,104,218,320,2059
0,2627,147,296,45,0.0,639.0,420.0,03,31,22,150,214,66,128,137,2139
3,2626,81,198,465,0.0,1258.0,577.0,04,03,22,36,280,66,257,6,1882
4,2626,54,212,418,0.0,809.0,535.0,04,04,22,64,236,96,176,324,1942
2,2626,63,251,0,0.0,1060.0,391.0,04,05,47,77,294,66,119,336,2312
1,2626,65,271,317,0.0,897.0,436.0,04,06,22,23,133,14,221,267,1973
0,2626,151,291,67,0.0,602.0,431.0,04,07,22,211,166,66,100,288,2117
3,2626,81,229,418,0.0,1218.0,541.0,04,10,22,174,227,66,106,372,1898
4,2626,44,234,440,0.0,994.0,535.0,04,11,22,28,371,66,249,196,1908
2,2626,41,241,0,0.0,893.0,384.0,04,12,22,69,193,66,167,224,2344
1,2626,61,270,318,0.0,784.0,521.0,04,13,22,267,74,77,226,282,1977
0,2626,122,298,55,0.0,541.0,402.0,04,14,22,152,283,66,244,132,2151
3,2626,82,220,434,0.0,1237.0,479.0,04,17,22,64,98,66,159,42,1890
4,2626,57,244,405,0.0,839.0,567.0,04,18,22,74,235,20,181,379,1920
2,2626,36,256,0,0.0,871.0,408.0,04,19,4,78,354,66,55,14,2334
1,2626,44,288,284,0.0,713.0,511.0,04,20,22,167,123,74,3,155,2010
0,2626,137,307,59,0.0,547.0,353.0,04,21,22,236,175,66,194,120,2123
3,2626,76,260,373,0.0,1109.0,531.0,04,24,22,118,269,66,199,262,1917
4,2626,69,288,336,0.0,791.0,510.0,04,25,22,226,70,33,182,401,1933
2,2626,45,304,0,0.0,835.0,0.0,04,26,29,78,288,1,0,1,2277
1,2626,61,311,183,0.0,788.0,442.0,04,27,22,100,149,27,183,394,2071
0,2626,161,310,44,0.0,575.0,362.0,04,28,22,35,355,66,187,351,2111
4,2637,933,123,88,0.0,525.0,298.0,05,02,22,227,385,66,167,125,1493
1,2637,1224,41,45,0.0,383.0,262.0,05,04,22,69,68,69,221,190,1327
3,2637,715,130,151,0.0,792.0,308.0,05,08,22,18,236,66,224,75,1641
2,2637,68,223,0,0.0,1235.0,500.0,05,10,22,64,305,66,192,102,2346
1,2637,57,264,471,0.0,829.0,501.0,05,11,22,232,62,46,84,220,1845
0,2637,113,289,96,0.0,817.0,507.0,05,12,22,194,293,66,244,141,2139
3,2637,63,224,516,0.0,1203.0,505.0,05,15,22,241,100,66,55,6,1834
4,2637,41,266,486,0.0,890.0,533.0,05,16,22,152,283,18,226,20,1844
2,2637,46,268,0,0.0,864.0,484.0,05,17,22,180,235,66,240,16,2323
1,2637,60,287,343,0.0,796.0,459.0,05,18,22,118,45,66,196,329,1947
0,2637,146,305,81,0.0,662.0,414.0,05,19,22,135,253,66,123,262,2105
3,2637,63,240,504,0.0,1207.0,585.0,05,22,22,160,305,66,191,387,1830
4,2637,47,257,429,0.0,889.0,545.0,05,23,22,138,11,42,234,399,1904
2,2637,49,277,0,0.0,852.0,387.0,05,24,51,25,34,66,41,175,2311
1,2637,57,290,320,0.0,838.0,456.0,05,25,22,74,275,32,220,270,1970
0,2637,164,302,60,0.0,597.0,462.0,05,26,22,235,308,66,68,370,2111
3,2637,88,240,394,0.0,1193.0,555.0,05,29,22,267,225,66,212,339,1915
4,2637,57,256,293,0.0,821.0,579.0,05,30,22,175,114,9,84,357,2031
2,2637,43,265,0,0.0,910.0,0.0,05,31,39,3,353,1,0,1,2329
1,2648,66,265,317,0.0,914.0,505.0,06,01,22,184,123,86,52,158,2000
0,2648,165,293,77,0.0,699.0,480.0,06,02,22,58,196,66,147,406,2113
3,2648,633,150,174,0.0,760.0,306.0,06,05,22,23,98,66,4,398,1691
2,2648,75,228,0,0.0,1127.0,549.0,06,07,22,235,384,66,194,141,2345
1,2648,63,274,423,0.0,857.0,443.0,06,08,22,175,166,11,47,303,1888
0,2648,130,294,67,0.0,715.0,460.0,06,09,22,260,49,66,160,3,2157
3,2648,87,209,529,0.0,1140.0,552.0,06,12,22,179,234,66,68,120,1823
4,2648,47,234,451,0.0,916.0,540.0,06,13,22,56,314,97,117,35,1916
2,2648,55,253,0,0.0,907.0,408.0,06,14,6,3,334,66,180,199,2340
1,2648,64,268,318,0.0,763.0,443.0,06,15,22,152,19,42,193,210,1998
0,2648,164,305,62,0.0,644.0,383.0,06,16,22,168,187,66,241,265,2117
3,2648,102,226,455,0.0,1126.0,489.0,06,19,22,74,296,66,5,96,1865
4,2648,66,253,429,0.0,888.0,508.0,06,20,22,187,36,104,119,320,1900
2,2648,60,269,0,0.0,982.0,445.0,06,21,50,209,269,66,268,47,2319
1,2648,69,273,317,0.0,875.0,451.0,06,22,22,151,371,57,176,156,1989
0,2648,162,290,57,0.0,609.0,441.0,06,23,22,37,68,66,257,398,2139
3,2648,112,237,374,0.0,1147.0,539.0,06,26,22,226,383,66,191,399,1925
4,2648,59,256,309,0.0,973.0,575.0,06,27,22,123,283,108,225,396,2024
2,2648,58,259,0,0.0,745.0,0.0,06,28,51,175,194,1,0,1,2331
1,2648,66,266,209,0.0,814.0,451.0,06,29,22,202,15,50,204,333,2107
0,2648,188,296,34,0.0,695.0,370.0,06,30,22,32,136,66,244,344,2130
3,2839,66,214,414,0.0,1231.0,501.0,07,03,22,235,312,66,224,43,2145
4,2839,50,247,368,0.0,962.0,432.0,07,04,22,110,62,122,3,93,2174
2,2839,46,260,0,0.0,912.0,340.0,07,05,46,15,294,66,59,125,2533
1,2839,72,268,341,0.0,821.0,501.0,07,06,22,168,123,9,226,270,2158
0,2839,146,288,73,0.0,613.0,472.0,07,07,22,184,293,66,167,417,2332
3,2839,98,215,406,0.0,1084.0,527.0,07,10,22,235,175,66,5,220,2120
4,2839,62,232,380,0.0,866.0,444.0,07,11,22,171,308,74,117,240,2165
2,2839,69,263,0,0.0,918.0,414.0,07,12,0,132,322,66,268,175,2507
1,2839,79,277,311,0.0,765.0,461.0,07,13,22,23,117,77,26,411,2172
0,2839,209,286,57,0.0,613.0,485.0,07,14,22,118,21,66,16,194,2287
3,2839,132,212,424,0.0,1168.0,500.0,07,17,22,92,96,66,41,257,2071
4,2839,98,239,419,0.0,916.0,513.0,07,18,22,180,11,34,52,401,2083
2,2839,79,259,0,0.0,830.0,457.0,07,19,11,78,266,66,277,310,2501
1,2839,90,278,270,0.0,750.0,429.0,07,20,22,142,281,107,220,423,2201
0,2839,206,301,46,0.0,648.0,410.0,07,21,22,49,170,66,224,70,2286
3,2839,237,211,401,0.0,1119.0,486.0,07,24,22,173,348,66,252,47,1990
4,2839,214,243,272,0.0,827.0,514.0,07,25,22,64,7,50,47,215,2110
2,2839,254,246,0,0.0,797.0,0.0,07,26,13,99,359,1,0,1,2339
1,2839,334,240,221,0.0,804.0,486.0,07,27,22,238,254,32,119,399,2044
0,2839,419,264,46,0.0,501.0,459.0,07,28,22,152,308,66,55,246,2110
3,2839,524,156,192,0.0,945.0,455.0,07,31,22,179,234,66,179,131,1967
4,2645,466,181,320,0.0,745.0,509.0,08,01,22,118,371,11,226,434,1678
2,2645,454,188,0,0.0,799.0,337.0,08,02,22,36,166,66,50,398,2003
1,2645,451,207,301,0.0,776.0,401.0,08,03,22,185,80,109,3,265,1686
0,2645,544,238,55,0.0,668.0,354.0,08,04,22,235,305,66,240,377,1808
3,2645,428,168,351,0.0,1078.0,497.0,08,07,22,171,227,66,18,144,1698
4,2645,414,207,350,0.0,842.0,445.0,08,08,22,100,68,119,3,214,1674
2,2645,428,210,0,0.0,946.0,372.0,08,09,22,56,244,66,141,42,2007
1,2645,438,228,292,0.0,777.0,438.0,08,10,22,58,19,33,109,381,1687
0,2645,566,240,66,0.0,710.0,393.0,08,11,22,18,104,66,199,67,1773
3,2645,863,131,114,0.0,692.0,275.0,08,14,22,64,312,66,252,308,1537
2,2645,403,180,0,0.0,973.0,433.0,08,16,22,149,285,66,254,141,2062
1,2645,357,221,380,0.0,823.0,507.0,08,17,22,74,136,13,185,195,1687
0,2645,396,272,61,0.0,731.0,484.0,08,18,47,78,370,66,272,337,1916
3,2645,74,169,618,0.0,1232.0,673.0,08,21,22,220,220,66,241,300,1784
4,2645,74,213,484,0.0,1053.0,604.0,08,22,22,252,362,104,221,320,1874
2,2645,72,215,0,0.0,953.0,537.0,08,23,6,3,5,66,244,129,2358
1,2645,78,259,344,0.0,843.0,489.0,08,24,22,152,307,15,253,395,1964
0,2645,164,310,55,0.0,594.0,354.0,08,25,22,170,170,66,16,246,2116
3,2645,169,225,337,0.0,1191.0,514.0,08,28,22,235,94,66,56,38,1914
4,2645,121,260,294,0.0,877.0,609.0,08,29,22,110,68,77,47,68,1970
2,2645,116,270,0,0.0,898.0,395.0,08,30,31,99,269,66,129,426,2259
1,2645,110,281,189,0.0,852.0,487.0,08,31,22,211,45,66,197,212,2065
0,2642,177,303,45,0.0,663.0,0.0,09,01,22,161,384,1,0,1,2117
3,2642,113,243,416,0.0,1168.0,581.0,09,04,22,121,175,66,255,7,1870
4,2642,74,265,390,0.0,924.0,518.0,09,05,22,179,123,27,3,394,1913
2,2642,69,275,0,0.0,922.0,503.0,09,06,22,36,133,66,268,125,2298
1,2642,78,279,358,0.0,926.0,455.0,09,07,22,151,285,46,84,47,1927
0,2642,155,305,66,0.0,662.0,494.0,09,08,22,180,115,66,257,334,2116
3,2642,101,203,478,0.0,1350.0,510.0,09,11,22,162,296,66,154,350,1860
4,2642,72,242,430,0.0,993.0,540.0,09,12,22,226,371,9,226,303,1898
2,2642,57,253,0,0.0,945.0,476.0,09,13,50,99,127,66,118,141,2332
1,2642,68,291,317,0.0,860.0,437.0,09,14,22,17,81,50,176,34,1966
0,2642,198,290,70,0.0,602.0,454.0,09,15,22,227,66,66,68,117,2084
3,2642,93,220,501,0.0,1214.0,552.0,09,18,22,254,269,66,179,431,1828
4,2642,49,246,432,0.0,958.0,567.0,09,19,22,70,218,104,42,327,1915
2,2642,62,279,0,0.0,890.0,411.0,09,20,51,2,25,66,23,426,2301
1,2642,70,280,334,0.0,820.0,546.0,09,21,22,152,54,105,37,281,1958
0,2642,174,291,67,0.0,735.0,490.0,09,22,22,232,253,66,150,64,2110
3,2642,97,258,385,0.0,1099.0,592.0,09,25,22,23,312,66,131,14,1902
4,2642,81,261,342,0.0,902.0,573.0,09,26,22,163,68,96,31,328,1958
2,2642,70,265,0,0.0,1023.0,0.0,09,27,22,235,187,66,68,194,2307
1,2642,102,263,202,0.0,589.0,473.0,09,28,22,226,144,74,88,109,2075
0,2642,214,248,22,0.0,760.0,0.0,09,29,22,100,237,1,0,1,2158
4,2645,105,209,641,0.0,1265.0,746.0,10,10,22,167,384,66,65,125,1690
2,2645,60,250,0,0.0,1109.0,613.0,10,11,22,18,130,122,226,239,2335
1,2645,46,269,1017,0.0,989.0,626.0,10,12,22,252,81,66,167,256,1313
0,2645,63,268,86,0.0,1015.0,628.0,10,13,22,149,285,66,183,144,2228
3,2645,90,225,464,0.0,1173.0,497.0,10,16,22,226,305,66,254,102,1866
4,2645,56,258,453,0.0,848.0,555.0,10,17,22,23,38,34,52,158,1878
2,2645,45,270,0,0.0,814.0,490.0,10,18,22,105,242,66,187,253,2330
1,2645,67,282,341,0.0,901.0,514.0,10,19,22,134,293,51,220,270,1955
0,2645,190,301,53,0.0,533.0,416.0,10,20,22,148,377,66,68,383,2101
3,2645,116,250,435,0.0,1115.0,538.0,10,23,22,235,175,66,163,93,1844
4,2645,65,258,400,0.0,1037.0,439.0,10,24,22,110,314,44,12,155,1922
2,2645,75,289,0,0.0,786.0,0.0,10,25,6,3,21,1,0,1,2281
1,2645,101,302,251,0.0,824.0,405.0,10,26,22,211,334,33,24,259,1991
0,2645,210,309,57,0.0,567.0,327.0,10,27,22,159,117,66,257,6,2069
3,2645,124,250,374,0.0,1150.0,589.0,10,30,22,74,68,66,63,70,1897
4,2645,63,290,238,0.0,955.0,503.0,10,31,22,23,91,74,3,417,2054
2,2644,63,279,0,0.0,815.0,424.0,11,01,49,78,26,66,167,67,2302
1,2644,53,304,333,0.0,854.0,469.0,11,02,22,128,283,113,213,363,1954
0,2644,173,304,58,0.0,644.0,406.0,11,03,22,64,65,66,55,199,2109
3,2644,93,244,452,0.0,1167.0,451.0,11,06,22,232,312,66,183,257,1855
4,2644,75,268,462,0.0,943.0,522.0,11,07,22,188,244,77,226,24,1839
2,2644,60,276,0,0.0,780.0,397.0,11,08,51,104,269,66,161,426,2308
1,2644,90,287,347,0.0,797.0,414.0,11,09,22,252,136,22,220,136,1920
0,2644,184,292,56,0.0,630.0,397.0,11,10,22,191,123,66,154,339,2112
3,2644,107,240,525,0.0,1017.0,547.0,11,13,22,159,220,66,192,435,1772
4,2644,78,269,388,0.0,924.0,515.0,11,14,22,134,117,42,11,355,1909
2,2644,87,276,0,0.0,895.0,363.0,11,15,5,231,45,66,139,417,2281
1,2644,129,283,347,0.0,736.0,437.0,11,16,22,120,318,66,163,63,1885
0,2644,213,311,58,0.0,640.0,332.0,11,17,22,241,166,66,260,350,2062
3,2644,107,237,517,0.0,1115.0,569.0,11,20,22,226,283,66,180,139,1783
4,2644,77,256,435,0.0,954.0,486.0,11,21,22,171,254,27,176,270,1876
2,2644,64,277,0,0.0,817.0,424.0,11,22,17,3,108,66,123,265,2303
1,2644,122,288,305,0.0,758.0,433.0,11,23,22,149,19,18,31,378,1929
0,2644,210,303,63,0.0,563.0,378.0,11,24,22,36,98,66,224,239,2068
3,2644,132,262,402,0.0,1065.0,483.0,11,27,22,167,175,66,160,92,1848
4,2644,112,265,347,0.0,929.0,517.0,11,28,22,179,184,96,234,30,1920
2,2644,78,261,0,0.0,903.0,0.0,11,29,13,99,345,1,0,1,2305
1,2644,97,267,256,0.0,781.0,511.0,11,30,22,74,305,34,81,429,2024
0,2665,243,268,136,0.0,660.0,381.0,12,01,22,62,318,66,194,272,2018
3,2665,117,206,868,0.0,1142.0,625.0,12,04,22,68,110,66,32,334,1474
4,2665,60,225,871,0.0,939.0,571.0,12,05,22,140,62,97,117,156,1509
2,2665,78,254,0,0.0,860.0,414.0,12,06,51,209,209,66,161,73,2333
1,2665,98,270,608,0.0,740.0,509.0,12,07,22,117,77,9,226,395,1689
0,2665,169,304,141,0.0,682.0,407.0,12,08,22,118,170,66,150,64,2051
3,2665,93,219,748,0.0,1165.0,536.0,12,11,22,252,98,66,122,265,1605
4,2665,73,237,604,0.0,884.0,641.0,12,12,22,226,371,13,185,195,1751
2,2665,67,246,0,0.0,978.0,430.0,12,13,50,99,127,66,148,92,2352
1,2665,105,266,309,0.0,875.0,405.0,12,14,22,199,155,33,42,259,1985
0,2665,208,288,48,0.0,618.0,426.0,12,15,22,74,362,66,203,144,2121
3,2665,140,230,156,0.0,1149.0,418.0,12,18,22,188,175,66,63,6,2139
4,2665,109,269,146,0.0,715.0,345.0,12,19,22,47,309,45,84,102,2141
2,2665,108,262,0,0.0,814.0,396.0,12,20,22,105,115,66,18,47,2295
1,2665,127,262,102,0.0,692.0,380.0,12,21,22,157,384,80,121,363,2174
0,2665,239,270,34,0.0,565.0,482.0,12,22,22,235,10,66,286,337,2122
4,2665,267,227,62,0.0,915.0,176.0,12,26,22,36,269,66,244,121,2109
2,2665,169,255,0,0.0,571.0,0.0,12,27,22,151,283,1,0,1,2241
1,2665,240,260,55,0.0,311.0,245.0,12,28,22,168,117,66,198,393,2110
0,2665,489,242,5,0.0,394.0,209.0,12,29,22,171,77,66,224,341,1929
4,2655,73,102,301,0.0,1148.0,432.0,01,02,22,128,364,66,57,335,2179
2,2655,60,207,0,0.0,883.0,441.0,01,03,5,230,45,66,283,220,2388
1,2655,67,226,326,0.0,893.0,435.0,01,04,22,232,305,25,185,240,2036
0,2655,152,246,58,0.0,762.0,509.0,01,05,22,118,49,66,192,285,2199
3,2655,100,194,377,0.0,1178.0,554.0,01,08,22,267,225,66,48,144,1984
4,2655,70,215,298,0.0,816.0,349.0,01,09,22,23,268,34,201,401,2072
2,2655,58,210,0,0.0,865.0,423.0,01,10,51,78,39,66,160,350,2387
1,2655,73,238,337,0.0,911.0,430.0,01,11,22,117,282,66,139,227,2007
0,2655,163,266,59,0.0,679.0,398.0,01,12,22,226,154,66,173,433,2167
3,2655,112,192,443,0.0,1256.0,480.0,01,15,22,167,296,66,94,58,1908
4,2655,73,216,405,0.0,1076.0,523.0,01,16,22,36,166,15,176,56,1961
2,2655,70,223,0,0.0,969.0,466.0,01,17,13,3,334,66,254,222,2362
1,2655,98,233,325,0.0,830.0,472.0,01,18,22,64,235,74,265,120,1999
0,2655,224,275,77,0.0,654.0,419.0,01,19,22,211,354,66,167,92,2079
3,2655,103,211,371,0.0,1241.0,492.0,01,22,22,121,234,66,63,14,1970
4,2655,66,230,297,0.0,872.0,488.0,01,23,22,160,283,9,220,423,2062
2,2655,51,224,0,0.0,845.0,274.0,01,24,46,78,43,66,18,300,2380
1,2655,57,225,261,0.0,754.0,513.0,01,25,22,29,98,69,234,270,2112
0,2655,166,262,43,0.0,722.0,418.0,01,26,22,179,254,66,161,199,2184
3,2655,70,192,454,0.0,1417.0,689.0,01,29,22,117,3,66,244,161,1939
4,2655,60,216,433,0.0,1054.0,689.0,01,30,22,171,76,77,149,295,1946
2,2655,56,223,0,0.0,1138.0,0.0,01,31,11,99,266,1,0,1,2376
1,2707,73,254,401,0.0,1002.0,620.0,02,01,22,49,148,122,226,109,1979
0,2707,153,278,88,0.0,760.0,503.0,02,02,22,226,362,66,180,350,2188
3,2707,76,213,560,0.0,1372.0,673.0,02,05,22,157,105,66,241,75,1858
4,2707,50,235,491,0.0,1085.0,601.0,02,06,22,252,235,23,265,303,1931
2,2707,59,253,0,0.0,1107.0,540.0,02,07,51,209,269,66,172,165,2395
1,2707,71,273,378,0.0,984.0,543.0,02,08,22,180,114,66,198,329,1985
0,2707,149,296,86,0.0,724.0,518.0,02,09,22,118,377,66,4,334,2176
3,2707,103,244,476,0.0,1251.0,541.0,02,12,22,226,68,66,224,6,1884
4,2707,106,235,371,0.0,955.0,552.0,02,13,22,168,184,40,52,160,1995
2,2707,418,159,0,0.0,850.0,0.0,02,14,22,75,175,66,159,47,2130
3,2707,255,171,604,0.0,1298.0,657.0,02,19,22,69,384,66,257,174,1677
4,2707,82,231,521,0.0,1105.0,609.0,02,20,22,110,312,119,3,102,1873
2,2707,74,243,0,0.0,1087.0,522.0,02,21,49,78,29,66,212,41,2390
1,2707,82,277,400,0.0,988.0,578.0,02,22,22,235,133,0,31,328,1948
0,2707,161,304,69,0.0,651.0,522.0,02,23,22,160,123,66,57,132,2173
3,2707,105,231,491,0.0,1192.0,585.0,02,26,22,267,223,66,160,97,1880
4,2707,81,263,332,0.0,934.0,438.0,02,27,22,168,117,91,11,311,2031
2,2707,134,278,0,0.0,786.0,0.0,02,28,6,171,337,1,0,1,2295
0,2714,840,206,57,0.0,508.0,349.0,03,02,22,225,306,66,255,125,1611
3,2714,92,211,593,0.0,1355.0,687.0,03,05,22,254,224,66,254,123,1818
4,2714,54,242,547,0.0,1020.0,671.0,03,06,22,24,70,9,226,421,1871
2,2714,41,238,0,0.0,1057.0,600.0,03,07,51,2,194,66,68,222,2435
1,2714,38,268,406,0.0,973.0,553.0,03,08,22,266,275,51,220,270,2002
0,2714,123,294,77,0.0,716.0,580.0,03,09,22,152,309,66,150,64,2220
3,2714,69,217,591,0.0,1361.0,663.0,03,12,22,110,175,66,55,14,1837
4,2714,39,249,556,0.0,997.0,639.0,03,13,22,149,170,13,185,267,1870
2,2714,56,245,0,0.0,948.0,464.0,03,14,22,160,354,66,257,336,2413
1,2714,47,270,359,0.0,975.0,489.0,03,15,22,62,74,80,121,220,2038
0,2714,135,302,75,0.0,707.0,487.0,03,16,22,174,283,66,254,92,2202
3,2714,80,224,503,0.0,1159.0,559.0,03,19,22,171,93,66,129,37,1907
4,2714,46,246,445,0.0,1040.0,571.0,03,20,22,64,371,74,3,177,1977
2,2714,45,263,0,0.0,1092.0,482.0,03,21,22,151,77,66,192,132,2406
1,2714,56,290,327,0.0,899.0,492.0,03,22,22,199,343,50,176,333,2041
0,2714,174,307,51,0.0,759.0,454.0,03,23,22,180,244,66,126,239,2182
3,2714,125,226,448,0.0,1276.0,604.0,03,26,22,226,68,66,284,256,1915
4,2714,52,258,408,0.0,1005.0,599.0,03,27,22,235,123,9,42,85,1996
2,2714,45,252,0,0.0,926.0,0.0,03,28,18,208,293,1,0,1,2417
1,2714,51,273,302,0.0,936.0,523.0,03,29,22,176,39,97,117,209,2088
0,2714,196,296,43,0.0,616.0,466.0,03,30,22,227,309,66,173,141,2179
3,2714,83,224,481,0.0,1212.0,586.0,04,02,22,70,218,66,224,75,1926
4,2714,56,266,438,0.0,800.0,486.0,04,03,22,59,269,33,226,434,1954
2,2714,64,267,0,0.0,903.0,519.0,04,04,6,3,80,66,172,139,2383
1,2714,69,285,378,0.0,849.0,569.0,04,05,22,166,131,43,37,382,1982
0,2714,220,295,49,0.0,741.0,394.0,04,06,22,154,263,66,161,138,2150
3,2714,118,221,523,0.0,1283.0,588.0,04,09,22,235,305,66,152,58,1852
4,2714,66,256,420,0.0,855.0,522.0,04,10,22,105,224,40,149,363,1972
2,2714,23,239,0,0.0,804.0,540.0,04,11,22,167,283,66,41,157,2452
1,2714,40,268,384,0.0,796.0,535.0,04,12,22,157,344,122,62,93,2022
0,2714,164,292,45,0.0,652.0,444.0,04,13,22,23,257,66,183,204,2213
3,2714,84,234,484,0.0,1195.0,599.0,04,16,22,110,312,66,240,334,1912
4,2714,39,261,413,0.0,900.0,537.0,04,17,22,92,384,104,26,320,2001
2,2714,49,268,0,0.0,922.0,456.0,04,18,51,180,334,66,257,263,2397
1,2714,98,288,285,0.0,846.0,499.0,04,19,22,170,93,96,80,196,2043
0,2714,194,303,42,0.0,605.0,409.0,04,20,22,58,7,66,154,92,2175
3,2714,89,235,440,0.0,1246.0,569.0,04,23,22,235,131,66,244,141,1950
4,2714,60,274,360,0.0,940.0,587.0,04,24,22,151,49,118,176,195,2020
2,2714,66,285,0,0.0,851.0,0.0,04,25,29,208,288,1,0,1,2363
1,2714,69,293,266,0.0,761.0,483.0,04,26,22,161,75,77,213,410,2086
0,2714,205,304,40,0.0,674.0,380.0,04,27,22,157,187,66,161,351,2165
3,2714,646,180,107,0.0,629.0,317.0,04,30,22,171,74,66,224,420,1781
2,2721,110,247,0,0.0,1137.0,535.0,05,02,11,208,266,66,203,254,2364
1,2721,102,296,332,0.0,883.0,436.0,05,03,22,56,246,9,226,421,1991
0,2721,241,284,57,0.0,630.0,440.0,05,04,22,93,349,66,5,265,2139
4,2721,133,231,590,0.0,1225.0,625.0,05,08,22,110,175,66,145,229,1767
2,2721,86,269,0,0.0,919.0,413.0,05,09,22,58,354,66,57,310,2366
1,2721,80,291,369,0.0,763.0,441.0,05,10,22,23,98,45,84,220,1981
0,2721,183,296,48,0.0,602.0,445.0,05,11,22,143,283,66,41,334,2194
3,2721,100,229,490,0.0,1229.0,536.0,05,14,22,160,384,66,55,47,1902
4,2721,64,272,457,0.0,1004.0,620.0,05,15,22,175,123,74,3,246,1928
2,2721,58,264,0,0.0,1031.0,472.0,05,16,49,78,29,66,16,14,2399
1,2721,71,278,343,0.0,811.0,473.0,05,17,22,235,77,33,24,68,2029
0,2721,145,302,29,0.0,563.0,399.0,05,18,22,225,309,66,192,192,2245
3,2721,861,144,139,0.0,543.0,234.0,05,21,22,163,312,66,255,28,1577
2,2721,89,246,0,0.0,1065.0,477.0,05,23,6,175,133,66,268,134,2386
1,2721,64,281,379,0.0,754.0,494.0,05,24,22,219,117,112,209,412,1997
0,2721,136,293,70,0.0,594.0,432.0,05,25,22,131,58,66,159,94,2222
3,2721,92,221,495,0.0,1306.0,594.0,05,28,22,100,305,66,16,262,1913
4,2721,73,258,422,0.0,931.0,552.0,05,29,22,28,377,42,234,67,1968
2,2721,80,281,0,0.0,876.0,0.0,05,30,51,208,242,1,0,1,2360
1,2721,90,283,242,0.0,856.0,525.0,05,31,22,188,114,104,213,327,2106
3,2728,180,291,55,0.0,649.0,395.0,06,01,22,199,334,66,257,157,2202
3,2728,158,215,519,0.0,1211.0,564.0,06,04,22,235,93,66,161,3,1836
4,2728,163,233,253,0.0,884.0,526.0,06,05,22,64,68,96,226,237,2079
1,2728,187,265,379,0.0,890.0,475.0,06,07,22,157,39,66,233,132,1897
0,2728,252,288,65,0.0,631.0,458.0,06,08,22,50,290,66,187,102,2123
3,2728,153,195,490,0.0,1228.0,557.0,06,11,22,110,175,66,106,99,1890
4,2728,156,234,249,0.0,905.0,441.0,06,12,22,211,36,66,16,310,2089
1,2728,190,260,381,0.0,936.0,464.0,06,14,22,23,254,51,220,176,1897
0,2728,234,295,44,0.0,639.0,442.0,06,15,22,118,283,66,183,125,2155
3,2728,87,229,335,0.0,1069.0,485.0,06,18,22,100,384,66,254,431,2077
4,2728,68,247,415,0.0,952.0,537.0,06,19,22,36,195,32,84,259,1998
2,2728,73,257,0,0.0,875.0,448.0,06,20,41,249,166,66,68,334,2398
1,2728,72,282,329,0.0,791.0,550.0,06,21,22,184,312,9,226,155,2045
0,2728,178,305,50,0.0,552.0,448.0,06,22,22,48,343,1,0,1,2195
3,2728,104,240,424,0.0,1128.0,537.0,06,25,22,171,68,66,173,222,1960
4,2728,71,243,384,0.0,1012.0,583.0,06,26,22,58,131,77,253,284,2030
2,2728,66,277,0,0.0,957.0,0.0,06,27,49,3,50,1,0,1,2385
1,2728,83,286,234,0.0,803.0,449.0,06,28,22,70,139,66,196,86,2125
0,2728,210,299,12,0.0,507.0,371.0,06,29,22,211,112,66,132,255,2207
3,2704,96,209,130,0.0,1258.0,609.0,07,02,22,235,296,66,207,12,2269
4,2704,71,220,232,0.0,975.0,528.0,07,03,22,167,224,122,3,120,2181
2,2704,94,237,0,0.0,791.0,488.0,07,04,7,78,354,66,73,352,2373
1,2704,93,270,234,0.0,876.0,509.0,07,05,22,23,77,33,193,210,2107
0,2704,194,289,36,0.0,661.0,389.0,07,06,22,56,114,66,123,6,2185
3,2704,139,228,300,0.0,1097.0,519.0,07,09,22,18,98,66,55,14,2037
4,2704,96,251,292,0.0,838.0,524.0,07,10,22,147,384,46,84,220,2065
2,2704,95,255,1,0.0,894.0,435.0,07,11,13,99,288,66,106,390,2353
1,2704,102,270,244,0.0,764.0,487.0,07,12,22,260,49,50,47,23,2088
0,2704,200,302,29,0.0,585.0,394.0,07,13,22,171,123,66,171,420,2173
3,2704,150,199,318,0.0,1061.0,529.0,07,16,22,64,225,66,63,75,2037
4,2704,111,256,307,0.0,1116.0,451.0,07,17,33,228,216,119,2,160,2030
2,2704,108,254,0,0.0,839.0,407.0,07,18,51,208,370,66,155,321,2342
1,2704,113,285,265,0.0,748.0,554.0,07,19,22,254,257,9,26,155,2041
0,2704,273,291,49,0.0,489.0,394.0,07,20,22,203,296,66,41,117,2091
3,2704,224,223,341,0.0,991.0,515.0,07,23,22,171,98,66,95,335,1916
4,2704,201,232,392,0.0,886.0,526.0,07,24,22,199,198,13,220,396,1879
2,2704,226,256,1,0.0,760.0,0.0,07,25,22,152,293,1,0,1,2221
1,2704,272,265,299,0.0,714.0,484.0,07,26,22,187,139,33,213,410,1868
0,2704,403,271,59,0.0,589.0,388.0,07,27,22,49,308,66,240,265,1971
3,2704,487,193,401,0.0,944.0,436.0,07,30,22,23,68,66,279,344,1623
4,2704,433,228,287,0.0,789.0,494.0,07,31,22,235,312,11,40,381,1756
2,2996,489,209,0,0.0,820.0,395.0,08,01,49,3,127,66,159,72,2298
1,2996,548,229,209,0.0,631.0,425.0,08,02,22,58,20,70,226,434,2010
0,2996,665,242,34,0.0,540.0,367.0,08,03,22,179,80,66,252,310,2055
3,2996,504,158,333,0.0,1092.0,522.0,08,06,22,236,225,66,183,99,2001
4,2996,469,206,366,0.0,773.0,534.0,08,07,22,175,283,34,112,246,1955
2,2996,470,235,0,0.0,896.0,421.0,08,08,39,78,50,66,224,47,2291
1,2996,491,227,271,0.0,821.0,509.0,08,09,22,103,107,66,197,196,2007
0,2996,562,254,30,0.0,548.0,467.0,08,10,22,64,45,66,173,114,2150
3,2996,575,184,297,0.0,930.0,465.0,08,13,22,70,305,66,254,95,1940
4,2996,551,217,153,0.0,772.0,393.0,08,14,22,225,371,5,84,431,2075
1,2996,481,228,228,0.0,789.0,488.0,08,16,22,48,113,104,253,327,2059
0,2996,530,245,30,0.0,646.0,482.0,08,17,22,170,228,66,129,146,2191
3,2996,204,206,475,0.0,1199.0,563.0,08,20,22,160,384,66,276,165,2111
4,2996,168,237,355,0.0,972.0,629.0,08,21,22,100,220,114,2,412,2236
2,2996,147,238,0,0.0,1000.0,536.0,08,22,29,99,369,66,173,304,2611
1,2996,132,263,289,0.0,835.0,577.0,08,23,22,64,57,33,42,240,2312
0,2996,219,284,46,0.0,678.0,529.0,08,24,22,202,133,66,183,321,2447
3,2996,138,226,492,0.0,1221.0,560.0,08,27,22,110,94,66,240,387,2140
4,2996,104,243,376,0.0,873.0,593.0,08,28,22,152,354,45,84,67,2273
2,2996,103,258,0,0.0,915.0,0.0,08,29,51,249,334,1,0,1,2635
1,2996,106,264,304,0.0,849.0,556.0,08,30,22,23,157,74,119,180,2322
0,2996,216,289,70,0.0,817.0,424.0,08,31,22,219,218,66,284,337,2421
3,2763,122,233,393,0.0,1213.0,577.0,09,03,22,235,175,66,63,335,2015
4,2763,91,262,404,0.0,938.0,604.0,09,04,22,74,114,27,3,394,2006
2,2763,93,269,0,0.0,829.0,425.0,09,05,11,78,205,66,224,37,2401
1,2763,106,283,280,0.0,830.0,538.0,09,06,22,36,11,18,226,120,2094
0,2763,164,303,56,0.0,581.0,467.0,09,07,22,100,144,66,257,244,2240
3,2763,99,243,343,0.0,1144.0,535.0,09,10,22,178,97,66,244,7,2078
4,2763,67,272,370,0.0,960.0,570.0,09,11,22,151,75,9,26,155,2054
2,2763,73,300,0,0.0,805.0,435.0,09,12,36,3,288,66,97,334,2390
1,2763,67,306,297,0.0,882.0,571.0,09,13,22,161,123,66,258,275,2093
0,2763,174,313,132,0.0,405.0,375.0,09,14,22,18,269,66,62,420,2144
3,2763,91,252,465,0.0,1189.0,522.0,09,17,22,171,98,66,74,321,1955
4,2763,67,289,446,0.0,946.0,597.0,09,18,22,48,131,77,213,284,1961
2,2763,77,288,0,0.0,833.0,0.0,09,19,49,208,25,1,0,1,2398
1,2763,93,277,385,0.0,817.0,468.0,09,20,22,36,224,14,221,417,2008
0,2763,260,241,51,0.0,929.0,247.0,09,21,22,168,118,66,172,192,2211
3,2805,424,233,216,0.0,895.0,442.0,10,08,22,173,97,66,241,300,1932
2,2805,80,232,1044,0.0,1319.0,751.0,10,10,6,78,95,66,161,3,1449
1,2805,67,240,430,0.0,1211.0,743.0,10,11,22,70,283,15,213,395,2068
0,2805,192,288,28,0.0,622.0,467.0,10,12,22,137,47,66,279,344,2297
3,2805,101,243,268,0.0,1235.0,533.0,10,15,22,180,175,66,65,265,2193
4,2805,63,273,315,0.0,928.0,570.0,10,16,22,85,306,119,3,102,2154
2,2805,68,294,0,0.0,761.0,422.0,10,17,51,208,206,66,239,70,2443
1,2805,74,299,175,0.0,857.0,532.0,10,18,22,6,48,77,234,399,2257
0,2805,207,303,40,0.0,627.0,430.0,10,19,22,188,68,66,56,161,2255
3,2805,141,236,290,0.0,1176.0,498.0,10,22,22,18,94,66,207,387,2138
4,2805,73,277,243,0.0,902.0,446.0,10,23,22,241,77,45,84,398,2212
2,2805,82,299,1,0.0,777.0,464.0,10,24,22,235,123,66,59,310,2423
1,2805,110,315,158,0.0,722.0,469.0,10,25,22,174,227,70,31,67,2222
0,2805,263,308,25,0.0,528.0,370.0,10,26,22,23,283,66,224,6,2209
3,2805,155,250,316,0.0,1156.0,596.0,10,29,22,267,225,66,268,356,2084
4,2805,89,300,206,0.0,932.0,449.0,10,30,22,171,114,66,129,14,2210
2,2805,111,306,0,0.0,930.0,0.0,10,31,22,235,242,1,0,1,2388
1,2815,89,299,172,0.0,703.0,483.0,11,01,22,161,132,34,3,158,2255
0,2815,211,299,43,0.0,539.0,434.0,11,02,22,110,384,66,167,420,2262
3,2815,104,248,391,0.0,1088.0,542.0,11,05,22,152,283,66,5,119,2072
4,2815,69,269,393,0.0,813.0,540.0,11,06,22,89,73,97,117,267,2084
2,2815,68,299,0,0.0,860.0,379.0,11,07,6,78,184,66,68,426,2448
1,2815,72,285,305,0.0,926.0,443.0,11,08,22,100,68,66,139,417,2153
0,2815,185,302,38,0.0,496.0,454.0,11,09,22,211,34,66,257,265,2290
3,2815,123,228,401,0.0,1154.0,574.0,11,12,22,157,220,66,240,334,2063
4,2815,91,280,328,0.0,783.0,468.0,11,13,22,229,95,113,114,30,2116
2,2815,89,263,0,0.0,800.0,391.0,11,14,53,249,336,66,172,167,2463
1,2815,147,282,291,0.0,747.0,540.0,11,15,22,167,296,45,220,102,2095
0,2815,251,295,59,0.0,616.0,435.0,11,16,22,170,269,66,252,199,2210
3,2815,118,230,416,0.0,1124.0,442.0,11,19,22,36,98,66,55,385,2051
4,2815,70,278,344,0.0,740.0,485.0,11,20,22,74,309,14,3,396,2123
2,2815,81,290,0,0.0,832.0,411.0,11,21,49,78,204,66,194,222,2444
1,2815,80,287,325,0.0,718.0,436.0,11,22,22,235,77,33,270,307,2123
0,2815,222,305,57,0.0,527.0,363.0,11,23,22,23,175,66,16,132,2231
3,2815,107,215,447,0.0,1077.0,476.0,11,26,22,174,68,66,129,58,2046
4,2815,60,264,418,0.0,839.0,529.0,11,27,22,110,312,96,226,120,2073
2,2815,69,298,1,0.0,862.0,0.0,11,28,13,3,288,1,0,1,2447
1,2815,86,293,354,0.0,794.0,454.0,11,29,22,65,130,66,192,194,2082
0,2815,196,314,60,0.0,543.0,362.0,11,30,22,83,371,66,183,67,2245
3,2846,80,187,798,0.0,1248.0,544.0,12,03,22,100,227,66,68,119,1781
4,2846,64,246,802,0.0,911.0,617.0,12,04,22,226,293,112,201,59,1734
2,2846,87,254,0,0.0,885.0,414.0,12,05,17,208,269,66,224,224,2505
1,2846,90,266,589,0.0,765.0,515.0,12,06,22,235,275,50,176,333,1901
0,2846,182,300,83,0.0,674.0,353.0,12,07,22,76,230,66,161,321,2281
3,2846,98,204,863,0.0,1201.0,597.0,12,10,22,167,305,66,167,199,1681
4,2846,69,250,716,0.0,883.0,569.0,12,11,22,159,123,56,213,155,1811
2,2846,75,262,0,0.0,788.0,354.0,12,12,53,2,8,66,199,305,2509
1,2846,65,253,652,0.0,765.0,475.0,12,13,22,88,114,90,11,220,1876
0,2846,160,277,113,0.0,664.0,411.0,12,14,22,61,326,66,32,300,2296
3,2846,90,201,602,0.0,1170.0,421.0,12,17,22,235,312,66,68,352,1953
4,2846,87,243,525,0.0,813.0,432.0,12,18,22,179,77,104,26,327,1991
2,2846,86,256,0,0.0,710.0,390.0,12,19,6,249,354,66,257,37,2504
1,2846,106,242,235,0.0,784.0,373.0,12,20,22,23,117,66,197,393,2263
0,2846,175,261,163,0.0,456.0,456.0,12,21,22,48,20,66,160,246,2247
3,2846,894,159,26,0.0,296.0,104.0,12,24,22,180,384,66,120,92,1767
2,2846,184,241,0,0.0,695.0,0.0,12,26,22,167,98,1,0,1,2421
1,2846,182,253,132,0.0,517.0,251.0,12,27,22,157,283,11,234,67,2279
0,2846,315,264,18,0.0,491.0,406.0,12,28,22,18,175,66,224,387,2249
3,2846,1085,132,28,0.0,332.0,135.0,12,31,22,235,97,66,76,436,1601
2,2985,108,129,0,0.0,1201.0,407.0,01,02,22,75,217,66,129,162,2748
1,2985,120,207,444,0.0,858.0,494.0,01,03,22,226,257,54,213,68,2214
0,2985,218,234,65,0.0,668.0,482.0,01,04,22,65,269,66,132,197,2468
3,2985,113,211,439,0.0,1072.0,407.0,01,07,22,161,234,66,118,167,2222
4,2985,98,223,444,0.0,839.0,417.0,01,08,22,235,326,33,226,334,2220
2,2985,85,225,0,0.0,778.0,335.0,01,09,29,78,337,66,56,321,2675
1,2985,94,243,363,0.0,767.0,475.0,01,10,22,211,355,27,2,394,2285
0,2985,177,251,1,0.0,627.0,430.0,01,11,22,36,39,66,272,95,2556
3,2985,99,186,487,0.0,1163.0,573.0,01,14,22,170,98,66,32,58,2213
4,2985,71,223,417,0.0,963.0,569.0,01,15,22,171,122,34,262,160,2274
2,2985,80,228,0,0.0,1021.0,356.0,01,16,46,78,294,66,68,132,2677
1,2985,71,247,326,0.0,837.0,515.0,01,17,22,117,227,74,119,180,2341
0,2985,196,276,1,0.0,585.0,386.0,01,18,22,236,254,66,55,426,2512
3,2985,114,199,468,0.0,1270.0,579.0,01,21,22,18,175,66,240,352,2204
4,2985,73,230,436,0.0,889.0,564.0,01,22,22,110,77,97,117,156,2246
2,2985,86,224,0,0.0,958.0,392.0,01,23,51,78,213,66,179,120,2675
1,2985,91,241,401,0.0,827.0,520.0,01,24,22,174,65,15,176,56,2252
0,2985,186,267,1,0.0,667.0,431.0,01,25,22,154,312,66,257,92,2531
3,2985,94,203,426,0.0,1140.0,511.0,01,28,22,64,48,66,123,304,2262
4,2985,61,219,385,0.0,968.0,278.0,01,29,22,133,268,9,42,284,2320
2,2985,66,226,1,0.0,679.0,0.0,01,30,49,208,203,1,0,1,2692
1,2985,96,218,325,0.0,765.0,524.0,01,31,22,229,19,66,198,329,2346
0,2806,283,180,2,0.0,804.0,171.0,02,01,22,159,114,66,241,253,2341
1,2806,392,101,447,0.0,1144.0,553.0,02,07,22,180,384,66,192,305,1866
0,2806,373,190,3,0.0,970.0,532.0,02,08,22,267,305,66,157,420,2240
3,2806,67,159,758,0.0,1459.0,772.0,02,11,22,171,225,66,68,99,1822
4,2806,51,240,648,0.0,1102.0,649.0,02,12,22,157,107,45,3,220,1867
2,2806,61,231,0,0.0,1044.0,497.0,02,13,15,78,152,66,18,118,2514
1,2806,73,239,605,0.0,963.0,578.0,02,14,22,36,166,96,213,381,1889
0,2806,159,278,1,0.0,682.0,450.0,02,15,22,117,283,66,224,398,2368
3,2806,104,195,728,0.0,1314.0,678.0,02,18,22,241,326,66,186,125,1779
4,2806,62,228,663,0.0,1052.0,653.0,02,19,22,226,45,14,3,396,1853
2,2806,65,241,0,0.0,1005.0,472.0,02,20,7,78,334,66,94,7,2500
1,2806,81,269,540,0.0,955.0,620.0,02,21,22,167,117,34,113,244,1916
0,2806,178,301,1,0.0,631.0,478.0,02,22,22,58,269,66,199,92,2326
3,2806,122,214,752,0.0,1299.0,645.0,02,25,22,18,175,66,254,161,1718
4,2806,109,239,644,0.0,924.0,566.0,02,26,22,151,169,77,234,67,1814
2,2806,100,274,0,0.0,944.0,0.0,02,27,29,208,288,1,0,1,2432
1,2806,254,271,116,0.0,772.0,464.0,02,28,22,233,91,66,154,352,2165
3,2836,213,172,708,0.0,1274.0,658.0,03,04,22,252,94,66,28,257,1743
4,2836,67,230,736,0.0,940.0,646.0,03,05,22,211,39,9,112,155,1803
2,2836,56,238,0,0.0,1061.0,443.0,03,06,51,104,343,66,161,321,2542
1,2836,45,265,589,0.0,845.0,637.0,03,07,22,124,218,42,52,158,1937
0,2836,130,300,4,0.0,663.0,542.0,03,08,22,226,371,66,171,269,2402
3,2836,81,205,690,0.0,1277.0,707.0,03,11,22,171,234,66,68,337,1860
4,2836,59,244,642,0.0,956.0,653.0,03,12,22,165,257,74,117,180,1891
2,2836,61,244,0,0.0,953.0,442.0,03,13,49,3,29,66,163,290,2531
1,2836,62,286,417,0.0,791.0,530.0,03,14,22,199,19,65,182,153,2071
0,2836,174,304,4,0.0,630.0,466.0,03,15,22,180,123,66,53,157,2354
3,2836,107,217,607,0.0,1261.0,619.0,03,18,22,235,175,66,123,92,1905
4,2836,72,248,553,0.0,990.0,627.0,03,19,22,167,115,18,31,418,1963
2,2836,77,261,0,0.0,970.0,412.0,03,20,11,78,260,66,55,37,2498
1,2836,81,260,457,0.0,1214.0,470.0,03,21,22,100,364,50,176,270,2038
0,2836,168,295,3,0.0,567.0,466.0,03,22,22,252,98,66,241,310,2370
3,2836,111,232,585,0.0,1150.0,555.0,03,25,22,36,224,66,173,222,1908
4,2836,83,252,525,0.0,919.0,541.0,03,26,22,92,305,83,84,12,1976
2,2836,92,259,0,0.0,856.0,0.0,03,27,17,3,108,1,0,1,2485
1,2836,84,282,522,0.0,810.0,597.0,03,28,22,173,139,104,213,327,1948
0,2836,239,301,1,0.0,481.0,402.0,03,29,22,170,167,66,161,67,2295
3,2822,126,197,611,0.0,1029.0,577.0,04,01,22,267,223,66,5,233,1888
4,2822,67,253,514,0.0,855.0,491.0,04,02,22,179,283,34,35,399,1988
2,2822,59,283,0,0.0,790.0,411.0,04,03,6,74,249,66,129,132,2480
1,2822,60,288,429,0.0,745.0,462.0,04,04,22,58,257,66,139,415,2045
0,2822,185,303,1,0.0,575.0,436.0,04,05,22,220,312,66,244,161,2333
3,2822,104,222,592,0.0,1105.0,607.0,04,08,22,64,295,66,25,92,1904
4,2822,69,239,578,0.0,876.0,590.0,04,09,22,157,309,97,117,156,1936
2,2822,64,245,0,0.0,789.0,350.0,04,10,13,3,288,66,224,71,2513
1,2822,52,248,434,0.0,845.0,524.0,04,11,22,235,244,40,149,359,2088
0,2822,155,288,0,0.0,553.0,435.0,04,12,22,167,80,66,123,120,2379
3,2822,113,178,609,0.0,1184.0,647.0,04,15,22,88,175,66,240,6,1922
4,2822,54,234,552,0.0,905.0,607.0,04,16,22,180,77,0,258,195,1982
2,2822,57,263,0,0.0,910.0,472.0,04,17,22,75,283,66,257,9,2502
1,2822,76,281,458,0.0,767.0,528.0,04,18,22,83,170,11,234,392,2007
0,2822,230,294,1,0.0,683.0,412.0,04,19,46,78,184,66,16,125,2297
3,2822,109,253,533,0.0,1094.0,494.0,04,22,22,74,295,66,252,96,1927
4,2822,60,272,576,0.0,886.0,567.0,04,23,22,64,235,66,163,37,1914
2,2822,59,273,0,0.0,1034.0,0.0,04,24,50,99,269,1,0,1,2490
1,2822,85,294,452,0.0,702.0,500.0,04,25,22,65,371,115,221,236,1991
0,2822,215,297,0,0.0,572.0,392.0,04,26,22,100,92,66,171,334,2310
3,2822,152,252,544,0.0,1207.0,564.0,04,29,22,29,175,66,96,224,1874
4,2822,152,298,290,0.0,714.0,430.0,04,30,22,145,283,9,226,303,2082
1,2825,247,303,384,0.0,758.0,423.0,05,02,22,252,257,53,117,208,1891
0,2825,348,276,1,0.0,654.0,420.0,05,03,22,157,166,66,284,135,2200
4,2825,135,271,606,0.0,1221.0,590.0,05,07,22,171,384,66,254,92,1813
2,2825,81,296,0,0.0,881.0,423.0,05,08,51,3,338,66,224,58,2448
1,2825,92,286,538,0.0,958.0,531.0,05,09,22,23,176,84,84,259,1909
0,2825,166,302,0,0.0,607.0,438.0,05,10,22,227,224,66,194,157,2357
3,2825,119,231,599,0.0,1111.0,507.0,05,13,22,167,305,66,129,41,1876
4,2825,76,256,601,0.0,907.0,587.0,05,14,22,224,377,33,31,35,1892
2,2825,69,284,0,0.0,888.0,368.0,05,15,31,3,329,66,173,204,2472
1,2825,72,283,482,0.0,790.0,521.0,05,16,22,179,117,27,176,415,1988
0,2825,224,291,1,0.0,408.0,362.0,05,17,22,115,354,66,55,194,2309
3,2825,100,223,602,0.0,1174.0,516.0,05,20,22,64,222,66,78,47,1900
4,2825,64,279,563,0.0,844.0,567.0,05,21,22,254,240,104,111,327,1919
2,2825,60,272,0,0.0,831.0,405.0,05,22,22,36,200,66,125,53,2493
1,2825,61,302,447,0.0,658.0,509.0,05,23,22,138,8,119,170,401,2015
0,2825,193,307,0,0.0,508.0,328.0,05,24,15,235,180,66,16,143,2325
3,2825,86,212,644,0.0,1219.0,550.0,05,27,22,121,109,66,69,257,1883
4,2825,54,229,632,0.0,931.0,590.0,05,28,22,188,257,77,3,302,1910
2,2825,50,237,0,0.0,896.0,0.0,05,29,22,110,242,1,0,1,2538
1,2825,73,258,517,0.0,836.0,527.0,05,30,22,211,34,61,117,405,1977
0,2825,179,291,0,0.0,640.0,378.0,05,31,25,78,365,66,108,92,2355
3,2758,87,225,702,0.0,1221.0,572.0,06,03,22,235,312,66,167,231,1744
4,2758,65,251,592,0.0,962.0,486.0,06,04,22,167,123,96,213,102,1850
2,2758,144,247,0,0.0,761.0,502.0,06,05,7,78,345,66,68,139,2367
0,2758,890,219,3,0.0,389.0,244.0,06,07,22,18,269,66,69,93,1646
3,2758,114,236,673,0.0,1232.0,568.0,06,10,22,88,225,66,187,222,1735
4,2758,55,267,624,0.0,804.0,555.0,06,11,22,118,283,11,246,155,1812
2,2758,60,278,0,0.0,876.0,359.0,06,12,11,78,183,66,94,14,2420
1,2758,65,288,507,0.0,679.0,520.0,06,13,22,193,77,74,3,434,1898
0,2758,193,295,4,0.0,538.0,373.0,06,14,22,184,184,66,66,199,2266
3,2758,95,240,640,0.0,1099.0,534.0,06,17,22,180,119,66,255,161,1783
4,2758,65,264,558,0.0,853.0,491.0,06,18,22,124,139,41,220,401,1871
2,2758,78,260,0,0.0,882.0,420.0,06,19,46,78,49,66,68,92,2420
1,2758,90,291,444,0.0,625.0,419.0,06,20,22,6,309,66,139,334,1933
0,2758,188,294,0,0.0,505.0,381.0,06,21,22,229,224,66,161,191,2276
3,2758,101,213,692,0.0,1105.0,540.0,06,24,22,171,225,66,153,318,1752
4,2758,67,265,573,0.0,775.0,472.0,06,25,22,227,107,87,234,47,1853
2,2758,69,282,0,0.0,946.0,0.0,06,26,49,3,29,1,0,1,2407
1,2758,85,280,478,0.0,808.0,501.0,06,27,22,144,263,50,204,259,1915
0,2758,229,288,2,0.0,535.0,373.0,06,28,53,249,336,66,179,120,2239
3,2760,115,218,512,0.0,1175.0,512.0,07,01,22,157,326,66,238,37,1915
4,2760,87,237,490,0.0,787.0,504.0,07,02,22,131,227,18,213,246,1946
2,2760,82,265,0,0.0,910.0,324.0,07,03,21,78,328,66,18,118,2413
1,2760,95,309,434,0.0,699.0,565.0,07,04,22,180,312,40,47,424,1922
0,2760,210,289,0,0.0,546.0,371.0,07,05,22,26,384,66,123,157,2261
3,2760,155,277,536,0.0,985.0,465.0,07,08,22,188,175,66,254,420,1792
4,2760,75,275,466,0.0,861.0,472.0,07,09,22,161,77,33,226,381,1944
2,2760,123,286,0,0.0,862.0,326.0,07,10,39,3,50,66,224,7,2351
1,2760,102,301,371,0.0,730.0,475.0,07,11,22,23,186,66,73,310,1986
0,2760,244,306,0,0.0,856.0,385.0,07,12,0,132,322,66,68,257,2210
3,2760,144,232,396,0.0,1127.0,453.0,07,15,22,226,98,66,174,322,1988
4,2760,100,227,426,0.0,952.0,477.0,07,16,22,120,68,77,253,155,2007
2,2760,96,259,0,0.0,814.0,274.0,07,17,31,99,260,66,69,142,2405
1,2760,113,274,310,0.0,734.0,455.0,07,18,22,58,166,66,136,314,2063
0,2760,236,291,0,0.0,538.0,367.0,07,19,22,143,19,66,41,300,2233
3,2760,223,218,438,0.0,1013.0,503.0,07,22,22,88,223,66,186,315,1881
4,2760,206,246,449,0.0,855.0,516.0,07,23,22,160,123,9,84,423,1859
2,2760,224,252,0,0.0,744.0,322.0,07,24,50,2,17,66,68,105,2284
1,2760,276,279,347,0.0,668.0,370.0,07,25,22,84,293,115,221,220,1858
0,2760,396,280,1,0.0,462.0,336.0,07,26,22,204,32,66,87,128,2083
3,2760,475,183,424,0.0,898.0,431.0,07,29,22,159,296,66,106,204,1678
4,2760,434,213,382,0.0,745.0,457.0,07,30,22,131,300,13,220,396,1731
2,2760,495,231,0,0.0,619.0,0.0,07,31,7,78,371,1,0,1,2034
1,3305,546,219,285,0.0,648.0,463.0,08,01,22,167,77,96,195,120,2255
0,3305,687,237,2,0.0,440.0,274.0,08,02,22,18,170,66,94,37,2379
3,3305,462,183,392,0.0,936.0,445.0,08,05,22,235,68,66,224,75,2268
4,3305,427,203,392,0.0,798.0,513.0,08,06,22,56,312,119,117,160,2283
2,3305,421,233,1,0.0,841.0,304.0,08,07,46,78,39,66,252,132,2650
1,3305,430,254,364,0.0,781.0,482.0,08,08,22,167,117,69,26,102,2257
0,3305,496,261,3,0.0,641.0,401.0,08,09,22,224,309,66,186,148,2545
3,3305,394,208,424,0.0,1073.0,527.0,08,12,22,64,223,66,135,305,2279
4,3305,345,254,411,0.0,813.0,519.0,08,13,22,36,269,85,220,65,2295
2,3305,430,246,2,0.0,713.0,421.0,08,14,51,192,293,66,144,322,2627
0,3305,1026,208,7,0.0,466.0,313.0,08,16,22,48,235,66,274,125,2064
3,3305,264,212,569,0.0,1249.0,530.0,08,19,22,161,296,66,255,300,2260
4,3305,205,255,534,0.0,955.0,534.0,08,20,22,144,70,77,47,416,2311
2,3305,214,265,0,0.0,923.0,423.0,08,21,31,99,288,66,135,251,2826
1,3305,178,275,468,0.0,880.0,514.0,08,22,22,49,131,34,35,399,2384
0,3305,268,295,2,0.0,599.0,393.0,08,23,22,58,166,66,10,139,2740
3,3305,162,230,596,0.0,1221.0,547.0,08,26,22,36,365,66,94,118,2317
4,3305,118,266,550,0.0,921.0,516.0,08,27,22,18,175,40,149,363,2371
2,3305,123,274,0,0.0,899.0,0.0,08,28,49,78,334,1,0,1,2908
1,3305,132,289,435,0.0,845.0,550.0,08,29,22,110,384,74,3,259,2449
0,3305,253,305,1,0.0,575.0,385.0,08,30,22,118,45,66,74,163,2746
3,3111,137,213,564,0.0,1363.0,609.0,09,02,22,73,99,66,254,404,2197
4,3111,103,254,460,0.0,944.0,573.0,09,03,22,226,224,50,176,376,2294
2,3111,102,270,0,0.0,769.0,412.0,09,04,17,208,199,66,241,120,2739
1,3111,118,292,391,0.0,778.0,557.0,09,05,22,243,139,9,29,303,2310
0,3111,214,301,0,0.0,687.0,349.0,09,06,22,64,244,66,16,256,2596
3,3111,148,217,523,0.0,1228.0,612.0,09,09,22,29,312,66,288,92,2223
4,3111,142,238,401,0.0,812.0,541.0,09,10,22,80,184,17,258,401,2330
2,3111,426,135,0,0.0,916.0,123.0,09,11,13,249,211,66,268,47,2550
3,3111,259,180,631,0.0,1283.0,687.0,09,16,22,267,383,66,241,373,2041
4,3111,75,241,606,0.0,1010.0,640.0,09,17,22,34,98,93,117,156,2189
2,3111,71,250,0,0.0,1006.0,418.0,09,18,22,144,352,66,163,262,2790
1,3111,80,290,441,0.0,701.0,480.0,09,19,22,152,309,66,150,64,2300
0,3111,182,302,2,0.0,662.0,415.0,09,20,22,180,83,66,190,300,2625
3,3111,114,214,569,0.0,1239.0,595.0,09,23,22,23,296,66,224,37,2214
4,3111,71,265,631,0.0,899.0,570.0,09,24,22,175,175,66,106,99,2144
2,3111,60,285,1,0.0,803.0,0.0,09,25,7,78,95,1,0,1,2765
1,3111,75,312,542,0.0,620.0,474.0,09,26,22,236,371,46,11,67,2182
0,3111,177,309,2,0.0,722.0,368.0,09,27,22,171,269,66,179,118,2623
3,3111,283,231,366,0.0,1030.0,516.0,09,30,22,232,312,66,125,321,2231
2,3121,244,217,310,0.0,1241.0,743.0,10,02,22,58,68,66,194,265,2350
0,3121,268,231,428,0.0,1215.0,755.0,10,04,22,252,225,66,167,412,2194
3,3121,193,215,447,0.0,1133.0,492.0,10,07,22,241,98,66,55,14,2266
4,3121,214,262,247,0.0,883.0,521.0,10,08,22,62,132,13,149,35,2398
1,3121,284,269,398,0.0,862.0,546.0,10,10,22,193,45,96,226,267,2170
0,3121,389,285,3,0.0,566.0,312.0,10,11,22,167,139,66,161,398,2444
3,3121,152,237,529,0.0,1140.0,601.0,10,14,22,124,305,66,241,352,2203
4,3121,112,260,534,0.0,867.0,550.0,10,15,22,235,68,69,221,403,2215
2,3121,116,278,1,0.0,765.0,334.0,10,16,51,2,95,66,68,70,2726
1,3121,144,301,364,0.0,708.0,479.0,10,17,22,170,367,64,79,97,2312
0,3121,332,300,2,0.0,581.0,345.0,10,18,22,198,235,66,129,431,2487
3,3121,168,227,709,0.0,1107.0,561.0,10,21,22,18,387,66,183,310,2017
4,3121,99,378,381,0.0,1090.0,446.0,10,22,22,177,312,9,226,155,2263
2,3121,89,286,2,0.0,785.0,419.0,10,23,50,200,293,66,194,254,2744
1,3121,129,313,410,0.0,705.0,409.0,10,24,22,13,122,119,84,117,2269
0,3121,316,323,1,0.0,546.0,304.0,10,25,13,249,211,66,240,161,2481
3,3121,219,267,464,0.0,915.0,436.0,10,28,22,144,296,66,235,6,2171
4,3121,112,293,477,0.0,808.0,517.0,10,29,22,64,283,74,112,102,2239
2,3121,122,294,1,0.0,771.0,0.0,10,30,21,78,334,1,0,1,2704
1,3121,130,312,430,0.0,671.0,475.0,10,31,22,89,114,97,117,156,2249
0,3104,248,327,1,0.0,586.0,317.0,11,01,22,190,125,66,78,132,2528
3,3104,155,239,538,0.0,1058.0,552.0,11,04,22,23,218,66,194,412,2172
4,3104,86,289,541,0.0,773.0,475.0,11,05,22,18,254,33,270,303,2188
2,3104,119,295,0,0.0,773.0,321.0,11,06,11,3,256,66,55,430,2690
1,3104,133,302,424,0.0,700.0,460.0,11,07,22,188,166,34,11,160,2245
0,3104,271,309,1,0.0,535.0,321.0,11,08,37,104,184,66,76,105,2523
3,3104,150,236,568,0.0,1079.0,489.0,11,11,22,58,270,66,186,437,2150
4,3104,106,272,481,0.0,769.0,456.0,11,12,22,224,309,77,176,267,2245
2,3104,136,290,0,0.0,733.0,328.0,11,13,7,78,95,66,272,146,2678
1,3104,188,286,453,0.0,677.0,466.0,11,14,22,235,371,66,150,211,2177
0,3104,365,303,1,0.0,543.0,342.0,11,15,9,37,333,66,129,260,2435
3,3104,183,230,672,0.0,1032.0,527.0,11,18,22,29,224,66,194,356,2019
4,3104,139,285,562,0.0,762.0,529.0,11,19,22,211,354,113,213,363,2118
2,3104,174,288,0,0.0,759.0,386.0,11,20,53,99,70,66,187,222,2642
1,3104,188,304,480,0.0,613.0,442.0,11,21,22,64,131,66,139,334,2132
0,3104,329,310,1,0.0,551.0,313.0,11,22,49,78,207,66,161,198,2464
3,3104,170,235,733,0.0,1097.0,609.0,11,25,22,18,175,66,118,221,1966
4,3104,129,270,634,0.0,816.0,511.0,11,26,22,26,65,27,3,394,2071
2,3104,134,288,1,0.0,732.0,0.0,11,27,13,78,24,1,0,1,2681
1,3104,167,297,558,0.0,644.0,460.0,11,28,22,167,77,96,226,328,2082
0,3104,282,326,1,0.0,572.0,256.0,11,29,43,99,158,66,154,58,2495
3,3111,169,201,748,0.0,1140.0,580.0,12,02,22,180,384,66,207,321,1993
4,3111,115,247,789,0.0,873.0,566.0,12,03,22,266,132,89,11,195,1960
2,3111,118,257,1,0.0,879.0,329.0,12,04,10,249,370,66,94,120,2735
1,3111,145,280,549,0.0,779.0,483.0,12,05,22,152,68,18,213,381,2137
0,3111,312,299,5,0.0,631.0,315.0,12,06,22,23,242,66,192,412,2495
3,3111,190,192,819,0.0,1120.0,521.0,12,09,22,74,295,66,5,96,1910
4,3111,155,248,800,0.0,742.0,519.0,12,10,22,84,293,94,37,421,1908
2,3111,168,265,0,0.0,858.0,327.0,12,11,17,208,199,66,132,204,2678
1,3111,190,257,586,0.0,731.0,411.0,12,12,22,22,139,54,84,68,2078
0,3111,266,310,2,0.0,639.0,380.0,12,13,22,227,257,66,16,189,2533
3,3111,206,211,709,0.0,1103.0,464.0,12,16,22,180,389,66,284,305,1985
4,3111,155,267,613,0.0,739.0,472.0,12,17,22,92,223,70,226,207,2076
2,3111,169,283,3,0.0,683.0,278.0,12,18,51,99,270,66,23,118,2656
1,3111,165,270,591,0.0,862.0,321.0,12,19,22,64,83,66,150,425,2085
0,3111,337,261,4,0.0,481.0,353.0,12,20,22,8,136,66,129,322,2509
3,3111,343,228,131,0.0,741.0,124.0,12,23,22,167,99,66,55,352,2409
4,3111,478,216,52,0.0,462.0,221.0,12,24,22,188,334,6,261,393,2365
1,3111,538,249,151,0.0,594.0,203.0,12,26,22,64,312,50,176,240,2173
0,3111,706,236,1,0.0,387.0,226.0,12,27,54,3,184,66,94,58,2168
3,3111,563,192,98,0.0,652.0,132.0,12,30,22,18,175,66,154,37,2258
4,3111,709,149,22,0.0,349.0,0.0,12,31,22,110,77,1,0,1,2231
1,2821,255,133,338,0.0,985.0,362.0,01,02,22,75,305,107,84,246,2095
0,2821,321,186,3,0.0,635.0,344.0,01,03,29,99,354,66,163,132,2311
3,2821,119,203,424,5.0,1133.0,389.0,01,06,22,64,99,66,194,420,2075
4,2821,95,204,448,7.0,904.0,490.0,01,07,22,100,254,96,213,237,2074
2,2821,117,222,7,5.0,740.0,321.0,01,08,7,78,95,66,154,352,2475
1,2821,124,241,426,7.0,773.0,474.0,01,09,22,211,8,80,196,306,2030
0,2821,264,262,0,3.0,573.0,320.0,01,10,48,99,128,66,244,257,2295
3,2821,141,218,526,0.0,945.0,454.0,01,13,22,23,384,66,63,256,1936
4,2821,96,236,388,0.0,820.0,272.0,01,14,22,161,366,77,176,155,2101
2,2821,97,235,4,0.0,633.0,350.0,01,15,17,179,286,66,171,123,2485
1,2821,92,244,390,0.0,761.0,457.0,01,16,22,252,164,60,265,399,2095
0,2821,242,269,0,0.0,696.0,344.0,01,17,12,242,356,66,235,189,2310
3,2821,132,199,488,0.0,1075.0,439.0,01,20,22,157,68,66,82,10,2002
4,2821,96,237,491,0.0,868.0,478.0,01,21,22,171,123,63,275,20,1997
2,2821,130,232,5,0.0,782.0,354.0,01,22,28,104,378,66,68,353,2454
1,2821,481,141,38,0.0,685.0,117.0,01,23,22,167,117,66,139,427,2161
4,2821,284,143,670,0.0,1042.0,639.0,01,28,22,267,272,74,117,68,1724
2,2821,101,214,4,0.0,1197.0,0.0,01,29,53,3,334,1,0,1,2502
1,2821,76,261,482,0.0,736.0,497.0,01,30,22,74,80,97,213,270,2002
0,2821,183,265,0,0.0,623.0,368.0,01,31,11,15,288,66,102,132,2373
3,2872,101,208,537,1.0,1081.0,495.0,02,03,22,100,227,66,173,334,2026
4,2872,72,222,471,0.0,849.0,304.0,02,04,22,226,95,33,226,413,2107
2,2872,62,215,4,0.0,660.0,276.0,02,05,17,208,269,66,56,321,2591
1,2872,90,233,426,0.0,637.0,369.0,02,06,22,173,114,106,84,357,2123
0,2872,140,247,2,0.0,539.0,326.0,02,07,22,65,45,66,254,347,2483
3,2872,65,136,617,0.0,1233.0,633.0,02,10,22,89,223,66,75,46,2054
4,2872,52,198,748,0.0,1075.0,668.0,02,11,22,42,130,91,12,362,1874
2,2872,65,210,5,0.0,1173.0,411.0,02,12,6,249,74,66,224,161,2592
1,2872,71,249,620,0.0,834.0,575.0,02,13,22,61,93,66,150,211,1932
0,2872,160,273,0,0.0,776.0,436.0,02,14,8,96,351,66,32,273,2439
3,2872,74,196,722,0.0,1370.0,649.0,02,17,22,152,296,66,60,300,1880
4,2872,47,239,666,0.0,939.0,630.0,02,18,22,224,309,113,213,27,1920
2,2872,62,224,1,0.0,930.0,434.0,02,19,13,99,183,66,167,420,2585
1,2872,78,254,549,0.0,826.0,542.0,02,20,22,23,10,115,84,236,1991
0,2872,181,277,0,0.0,627.0,380.0,02,21,22,69,312,66,55,37,2414
3,2872,144,156,846,0.0,1282.0,767.0,02,24,22,64,99,66,154,6,1726
4,2872,117,158,806,0.0,1238.0,776.0,02,25,22,118,384,69,26,259,1791
2,2872,109,190,4,0.0,1105.0,0.0,02,26,15,249,332,1,0,1,2569
1,2872,121,217,667,5.0,1000.0,673.0,02,27,22,121,68,89,11,220,1867
0,2872,210,234,0,7.0,750.0,414.0,02,28,22,167,224,66,254,141,2428
3,2950,108,133,786,14.0,1362.0,771.0,03,02,22,65,219,66,177,222,1923
4,2950,76,185,753,12.0,1074.0,598.0,03,03,22,149,285,13,220,158,1936
2,2950,74,205,1,19.0,999.0,462.0,03,04,52,18,19,66,268,192,2670
1,2950,84,232,612,15.0,989.0,630.0,03,05,22,100,240,77,250,284,2022
0,2950,166,251,0,12.0,642.0,379.0,03,06,4,13,93,66,44,179,2533
3,2950,91,129,784,16.0,1276.0,640.0,03,09,22,235,225,66,252,140,1946
4,2950,67,168,678,20.0,1019.0,575.0,03,10,22,55,6,79,12,173,2037
2,2950,74,197,0,23.0,967.0,487.0,03,11,50,98,22,66,129,147,2679
1,2950,78,243,555,17.0,804.0,614.0,03,12,22,157,372,39,110,171,2074
0,2950,165,259,0,20.0,593.0,343.0,03,13,22,137,113,66,244,101,2526
3,2950,69,138,789,21.0,1284.0,630.0,03,16,22,171,98,66,194,185,1954
4,2950,61,171,679,20.0,914.0,520.0,03,17,22,53,319,64,269,200,2039
2,2950,47,210,0,25.0,831.0,383.0,03,18,21,217,129,66,63,383,2693
1,2950,70,235,560,19.0,829.0,541.0,03,19,22,241,310,64,197,407,2085
0,2950,176,263,3,135.0,627.0,358.0,03,20,22,4,339,66,9,373,2508
3,2950,109,178,687,285.0,1110.0,651.0,03,23,22,161,276,66,55,232,1976
4,2950,131,137,639,303.0,1083.0,754.0,03,24,22,144,371,74,3,122,2043
2,2950,122,146,1,303.0,1022.0,526.0,03,25,22,209,161,98,228,247,2681
1,2950,133,133,584,288.0,955.0,645.0,03,26,22,110,305,33,213,415,2100
0,2950,254,156,0,260.0,839.0,377.0,03,27,25,78,328,66,171,310,2540
3,2950,230,53,627,488.0,1000.0,625.0,03,30,22,201,309,66,106,106,2040
4,2950,193,43,528,533.0,859.0,601.0,03,31,22,18,257,104,103,325,2186
2,2962,228,56,0,420.0,939.0,561.0,04,01,22,74,192,66,161,402,2678
1,2962,236,89,490,395.0,1009.0,645.0,04,02,22,14,123,30,258,218,2147
0,2962,350,149,1,340.0,802.0,318.0,04,03,22,156,41,66,241,252,2462
3,2962,206,152,713,477.0,1161.0,655.0,04,06,22,100,275,66,123,380,1891
4,2962,164,156,698,490.0,969.0,634.0,04,07,22,33,381,94,183,32,1944
2,2962,159,172,1,479.0,1032.0,445.0,04,08,15,15,70,66,130,76,2630
1,2962,154,186,544,488.0,880.0,458.0,04,09,22,65,221,62,1,223,2078
0,2962,316,209,0,417.0,780.0,302.0,04,10,3,95,28,66,68,167,2437
3,2962,165,146,619,447.0,1145.0,564.0,04,13,22,167,325,66,167,127,2032
4,2962,200,176,274,485.0,879.0,453.0,04,14,22,262,1,80,124,49,2312
1,2962,265,182,498,447.0,947.0,500.0,04,16,22,214,297,48,117,100,2017
0,2962,325,221,3,389.0,759.0,305.0,04,17,22,139,174,66,140,88,2413
3,2962,145,143,624,471.0,1089.0,594.0,04,20,22,267,292,66,63,43,2050
4,2962,126,171,700,450.0,911.0,542.0,04,21,22,91,289,66,71,316,1965
2,2962,132,204,2,443.0,945.0,439.0,04,22,22,38,323,66,17,317,2624
1,2962,107,251,518,437.0,880.0,461.0,04,23,22,136,30,66,232,412,2086
0,2962,232,267,1,387.0,639.0,309.0,04,24,22,51,341,66,43,284,2462
3,2962,125,192,706,418.0,1223.0,570.0,04,27,22,211,239,66,6,78,1939
4,2962,118,223,493,410.0,824.0,482.0,04,28,1,216,51,64,287,166,2128
2,2962,221,250,0,396.0,680.0,192.0,04,29,34,164,302,66,280,159,2491
3,2962,1113,117,91,189.0,504.0,123.0,05,04,22,112,190,66,51,13,1641
2,2962,104,177,2,291.0,1254.0,495.0,05,06,22,196,376,29,20,377,2679
1,2962,76,236,577,285.0,959.0,462.0,05,07,22,39,390,66,216,349,2073
0,2962,153,265,0,246.0,620.0,371.0,05,08,22,169,374,13,217,242,2544
3,2962,94,195,659,245.0,1249.0,599.0,05,11,22,58,63,47,1,103,2014
4,2962,67,230,690,250.0,968.0,486.0,05,12,22,181,217,66,230,0,1975
2,2962,68,242,0,236.0,844.0,403.0,05,13,22,48,126,66,189,187,2652
1,2962,71,281,488,212.0,793.0,424.0,05,14,35,69,173,66,146,368,2122
0,2962,161,296,0,201.0,614.0,265.0,05,15,22,210,212,66,12,168,2505
3,2962,96,223,701,246.0,1141.0,573.0,05,18,22,179,305,66,179,67,1942
4,2962,78,235,617,237.0,935.0,440.0,05,19,22,72,77,2,104,33,2032
2,2962,71,243,0,258.0,791.0,336.0,05,20,19,101,381,66,94,37,2648
1,2962,63,269,474,218.0,653.0,445.0,05,21,22,224,309,69,31,156,2156
0,2962,226,277,0,206.0,512.0,291.0,05,22,36,78,259,66,68,31,2459
3,2962,98,206,732,229.0,1062.0,488.0,05,25,22,90,312,66,151,420,1926
4,2962,70,220,649,200.0,781.0,502.0,05,26,22,161,39,11,117,160,2023
2,2962,65,234,2,235.0,704.0,339.0,05,27,7,92,59,66,62,141,2661
1,2962,66,270,431,212.0,662.0,361.0,05,28,22,241,283,66,67,50,2195
0,2962,236,284,1,202.0,450.0,235.0,05,29,21,208,129,66,271,89,2441
3,2956,109,185,612,215.0,1114.0,463.0,06,01,22,144,68,66,244,255,2050
4,2956,64,231,605,213.0,761.0,434.0,06,02,22,64,96,77,149,52,2056
2,2956,63,251,0,191.0,693.0,374.0,06,03,40,3,50,66,56,161,2642
1,2956,71,284,403,208.0,657.0,353.0,06,04,22,211,224,66,5,198,2198
0,2956,233,291,0,176.0,505.0,251.0,06,05,24,40,373,66,199,165,2432
3,2956,121,236,566,201.0,1130.0,477.0,06,08,22,53,279,66,25,19,2033
4,2956,68,253,519,177.0,823.0,449.0,06,09,22,160,77,52,254,188,2116
2,2956,75,248,4,201.0,719.0,320.0,06,10,13,186,334,66,18,118,2629
1,2956,82,280,399,172.0,682.0,439.0,06,11,22,84,45,69,246,388,2195
0,2956,204,303,2,175.0,516.0,266.0,06,12,20,247,267,66,129,154,2447
2,2997,71,252,9,153.0,866.0,343.0,07,01,22,40,137,66,63,67,2665
1,2997,82,268,446,152.0,675.0,441.0,07,02,22,54,379,9,112,55,2201
0,2997,261,288,1,157.0,607.0,269.0,07,03,50,60,178,66,29,381,2447
3,2997,126,220,626,172.0,1132.0,454.0,07,06,22,85,323,66,169,138,2025
4,2997,77,242,575,152.0,917.0,472.0,07,07,22,94,275,74,220,66,2103
2,2997,77,251,7,158.0,847.0,369.0,07,08,22,251,287,66,58,201,2662
1,2997,99,290,449,159.0,717.0,401.0,07,09,22,160,77,123,226,365,2159
0,2997,233,290,0,135.0,611.0,246.0,07,10,22,81,96,66,68,298,2474
3,2997,118,225,632,148.0,1260.0,489.0,07,13,21,101,129,66,139,296,2022
4,2997,80,224,561,143.0,814.0,342.0,07,14,22,11,315,66,33,104,2132
2,2997,80,248,4,183.0,842.0,343.0,07,15,30,234,271,66,222,118,2665
1,2997,102,274,411,166.0,971.0,379.0,07,16,22,213,375,66,92,316,2210
0,2997,249,291,2,148.0,656.0,237.0,07,17,22,27,243,66,76,185,2455
3,2997,157,220,518,140.0,1190.0,481.0,07,20,22,258,99,101,15,419,2102
4,2997,138,222,519,129.0,861.0,467.0,07,21,22,48,265,124,129,245,2118
2,2997,165,250,9,149.0,823.0,414.0,07,22,22,167,275,77,214,313,2573
1,2997,156,274,377,134.0,758.0,380.0,07,23,22,144,52,124,45,170,2190
0,2997,344,281,0,115.0,450.0,237.0,07,24,22,253,135,124,83,15,2372
3,2997,271,182,728,120.0,1118.0,552.0,07,27,22,269,257,124,244,249,1816
4,2997,252,213,565,150.0,873.0,396.0,07,28,22,257,161,76,247,219,1967
2,2997,256,233,11,150.0,871.0,280.0,07,29,22,197,191,124,243,323,2497
1,2997,346,242,395,130.0,704.0,426.0,07,30,16,249,380,111,259,301,2014
0,2997,496,261,0,125.0,477.0,231.0,07,31,22,221,202,124,237,74,2240
3,2989,494,155,446,115.0,1033.0,440.0,08,03,22,26,274,124,41,369,1894
4,2989,464,172,463,115.0,776.0,446.0,08,04,22,41,89,124,12,36,1890
2,2989,490,182,7,115.0,720.0,337.0,08,05,22,81,300,73,117,248,2310
1,2989,482,218,364,109.0,763.0,373.0,08,06,22,13,317,124,6,151,1925
0,2989,605,239,1,142.0,476.0,261.0,08,07,22,175,71,117,38,169,2144
3,2989,476,191,548,95.0,1011.0,520.0,08,10,22,127,208,107,214,216,1774
4,2989,456,188,465,102.0,805.0,342.0,08,11,22,75,142,124,179,184,1880
2,2989,449,213,12,111.0,701.0,337.0,08,12,22,122,284,124,70,124,2315
1,2989,504,245,353,112.0,594.0,270.0,08,13,22,208,172,124,154,230,1887
0,2989,644,256,1,116.0,477.0,212.0,08,14,22,62,185,3,164,45,2088
4,2989,469,195,534,105.0,971.0,501.0,08,18,22,118,325,58,117,291,1791
2,2989,420,227,10,126.0,801.0,375.0,08,19,22,79,150,102,219,217,2332
1,2989,390,232,477,125.0,749.0,433.0,08,20,22,155,275,124,200,375,1890
0,2989,497,249,0,149.0,514.0,240.0,08,21,22,171,289,124,27,17,2243
3,2989,302,185,683,249.0,1178.0,608.0,08,24,22,107,346,51,265,352,1819
4,2989,219,190,757,285.0,1046.0,632.0,08,25,22,160,342,124,4,309,1823
2,2989,215,197,2,363.0,897.0,495.0,08,26,22,38,303,124,46,116,2575
1,2989,205,211,575,316.0,963.0,522.0,08,27,22,46,90,124,227,316,1998
0,2989,320,230,0,297.0,784.0,354.0,08,28,22,157,225,124,252,299,2439
3,2989,183,163,648,464.0,1243.0,649.0,08,31,22,271,256,124,25,346,1995
4,3132,73,111,630,527.0,1021.0,497.0,09,01,22,197,146,124,224,4,2318
2,3132,78,155,0,522.0,1006.0,390.0,09,02,22,44,179,124,118,99,2899
1,3132,119,195,531,511.0,924.0,445.0,09,03,22,82,134,124,223,235,2287
0,3132,208,221,3,462.0,746.0,341.0,09,04,22,193,85,124,129,76,2700
3,3132,122,163,774,439.0,1186.0,603.0,09,07,22,168,210,124,188,300,2073
4,3132,91,173,730,441.0,986.0,478.0,09,08,2,222,311,124,194,331,2138
2,3132,102,180,3,424.0,965.0,374.0,09,09,22,265,241,124,64,61,2847
1,3132,106,220,600,430.0,881.0,514.0,09,10,22,58,238,104,215,320,2206
0,3132,211,259,2,376.0,661.0,287.0,09,11,22,212,250,124,154,224,2660
3,3132,102,188,725,368.0,1191.0,547.0,09,14,22,109,273,124,118,326,2117
4,3132,79,209,676,422.0,855.0,421.0,09,15,22,157,131,124,187,90,2168
2,3132,72,229,0,361.0,953.0,362.0,09,16,22,208,162,124,93,250,2831
1,3132,84,245,588,368.0,797.0,504.0,09,17,22,7,227,124,169,274,2215
0,3132,241,281,1,310.0,570.0,256.0,09,18,22,111,182,124,257,18,2609
3,3132,105,210,742,354.0,1176.0,616.0,09,21,22,195,323,124,154,293,2075
4,3132,99,224,600,342.0,908.0,384.0,09,22,22,89,89,124,68,331,2209
2,3132,88,234,1,345.0,970.0,412.0,09,23,22,4,289,99,22,2,2809
1,3132,102,262,505,314.0,739.0,392.0,09,24,22,125,350,124,283,26,2263
0,3132,237,287,1,265.0,540.0,230.0,09,25,22,62,72,124,18,39,2607
3,3132,985,188,81,142.0,358.0,165.0,09,28,22,76,274,124,210,99,1878
3,3008,91,131,825,292.0,1252.0,595.0,10,05,22,12,141,124,68,35,1961
4,3008,64,183,804,279.0,977.0,545.0,10,06,18,245,121,124,254,126,1957
2,3008,54,232,6,292.0,880.0,547.0,10,07,22,36,171,124,99,51,2716
1,3008,88,225,734,249.0,923.0,345.0,10,08,22,198,78,124,159,294,1961
3,3008,105,215,555,221.0,1096.0,466.0,10,12,22,30,389,124,222,113,2133
4,3008,72,248,534,188.0,839.0,420.0,10,13,22,155,301,124,123,91,2154
2,3008,68,267,3,171.0,797.0,382.0,10,14,22,66,324,124,184,150,2670
1,3008,97,269,898,175.0,793.0,400.0,10,15,22,264,88,37,61,312,1744
0,3008,180,270,4,180.0,660.0,436.0,10,16,22,86,16,124,235,423,2554
3,3008,143,211,588,135.0,1035.0,457.0,10,19,22,175,316,124,55,225,2066
4,3008,84,241,518,144.0,851.0,372.0,10,20,22,206,327,75,21,64,2165
2,3008,107,239,6,160.0,887.0,336.0,10,21,22,102,320,124,16,260,2656
1,3008,116,271,791,162.0,799.0,423.0,10,22,22,19,120,124,129,248,1830
0,3008,223,283,2,135.0,648.0,389.0,10,23,22,125,323,124,179,44,2500
3,3008,156,228,570,144.0,1069.0,444.0,10,26,22,81,163,124,167,348,2054
4,3008,105,265,496,136.0,839.0,392.0,10,27,22,151,279,68,214,291,2142
2,3008,105,287,3,138.0,791.0,293.0,10,28,22,132,33,124,142,292,2613
1,3008,131,298,418,137.0,667.0,388.0,10,29,22,31,23,12,226,264,2161
0,3008,340,298,1,107.0,398.0,259.0,10,30,22,13,234,124,251,286,2369
3,3021,162,213,616,132.0,1150.0,498.0,11,02,22,63,82,124,194,354,2030
4,3021,100,270,530,107.0,810.0,356.0,11,03,22,59,84,78,202,112,2121
2,3021,112,283,1,123.0,789.0,334.0,11,04,44,106,321,124,254,289,2625
1,3021,114,306,464,116.0,596.0,422.0,11,05,22,263,227,124,15,342,2137
0,3021,266,305,1,119.0,459.0,276.0,11,06,22,24,247,72,30,203,2449
3,3021,144,241,691,131.0,1076.0,430.0,11,09,22,168,143,124,55,226,1945
4,3021,104,289,526,124.0,784.0,335.0,11,10,22,100,115,100,220,343,2102
2,3021,105,303,1,115.0,747.0,316.0,11,11,22,251,42,124,34,9,2612
1,3021,125,308,464,105.0,678.0,319.0,11,12,22,125,372,124,41,332,2124
0,3021,317,292,0,116.0,529.0,226.0,11,13,22,160,257,124,12,391,2412
3,3021,164,217,733,128.0,1068.0,478.0,11,16,22,257,277,124,208,69,1907
4,3021,112,274,691,119.0,784.0,406.0,11,17,22,99,258,124,127,183,1944
2,3021,93,282,0,123.0,774.0,305.0,11,18,22,157,2,124,98,318,2646
1,3021,144,277,541,110.0,653.0,486.0,11,19,22,175,229,19,77,364,2059
0,3021,343,292,0,147.0,747.0,220.0,11,20,22,270,304,124,129,245,2386
3,3021,198,208,899,261.0,1292.0,730.0,11,23,22,172,124,124,160,202,1716
4,3021,202,181,878,357.0,1156.0,704.0,11,24,22,126,343,124,245,182,1760
2,3021,206,191,3,387.0,1146.0,0.0,11,25,22,240,371,125,14,81,2621
1,3021,230,219,641,391.0,1034.0,606.0,11,26,22,218,116,124,214,371,1931
0,3021,406,235,2,301.0,895.0,303.0,11,27,22,246,283,103,285,115,2378
3,3021,253,148,798,345.0,1273.0,712.0,11,30,22,22,67,124,66,22,1822
4,2990,204,161,878,408.0,1324.0,685.0,12,01,22,26,1,31,282,248,1747
2,2990,223,157,5,398.0,1188.0,523.0,12,02,22,249,151,124,12,186,2605
1,2990,242,219,667,361.0,1059.0,466.0,12,03,22,64,289,124,89,338,1862
0,2990,427,233,3,292.0,858.0,197.0,12,04,22,211,18,124,187,80,2327
3,2990,211,185,941,339.0,1317.0,742.0,12,07,22,209,188,124,205,374,1653
4,2990,172,182,852,377.0,1138.0,679.0,12,08,22,197,388,13,116,276,1784
2,2990,199,191,2,419.0,994.0,384.0,12,09,22,256,135,124,129,422,2598
1,2990,212,229,683,337.0,975.0,518.0,12,10,22,125,304,38,220,152,1866
0,2990,398,228,0,292.0,742.0,334.0,12,11,22,23,72,124,251,279,2364
3,2990,221,142,892,336.0,1329.0,666.0,12,14,22,0,313,124,39,266,1735
4,2990,203,179,814,400.0,1202.0,633.0,12,15,22,21,350,4,156,343,1794
2,2990,195,187,1,359.0,1135.0,450.0,12,16,22,255,4,124,159,319,2607
1,2990,226,184,653,334.0,1096.0,438.0,12,17,22,1,165,124,166,346,1927
0,2990,403,196,1,307.0,917.0,274.0,12,18,22,60,245,124,86,361,2390
3,2990,248,153,526,339.0,1256.0,327.0,12,21,22,108,279,116,13,108,2063
4,2990,270,171,362,330.0,984.0,319.0,12,22,22,87,363,124,178,110,2187
2,2990,402,193,5,324.0,768.0,354.0,12,23,22,13,0,77,73,408,2390
1,2990,777,160,24,273.0,591.0,131.0,12,24,55,182,37,124,267,84,2029
3,2983,92,91,490,340.0,1405.0,598.0,01,04,22,141,177,124,131,258,2310
4,2983,99,156,500,390.0,1128.0,484.0,01,05,22,207,101,36,248,29,2228
2,2983,85,156,11,433.0,1014.0,377.0,01,06,22,183,60,124,15,420,2731
1,2983,98,182,413,421.0,1040.0,342.0,01,07,22,168,161,124,16,206,2290
0,2983,255,218,0,373.0,726.0,250.0,01,08,22,239,140,124,7,126,2510
3,2983,105,158,517,369.0,1257.0,451.0,01,11,22,100,274,124,206,262,2203
4,2983,83,168,433,404.0,963.0,317.0,01,12,22,64,347,124,85,283,2299
2,2983,80,175,8,393.0,913.0,360.0,01,13,22,160,102,67,1,280,2720
1,2983,90,205,428,370.0,1038.0,439.0,01,14,22,237,217,124,283,317,2260
0,2983,229,222,0,339.0,702.0,277.0,01,15,22,127,35,124,165,99,2532
3,2983,67,163,509,357.0,1277.0,460.0,01,18,22,171,323,124,123,79,2244
4,2983,62,176,508,372.0,1038.0,414.0,01,19,22,81,189,124,134,164,2237
2,2983,75,198,4,391.0,1093.0,421.0,01,20,22,167,248,13,115,213,2706
1,2983,92,231,462,351.0,832.0,353.0,01,21,22,41,115,124,159,228,2198
0,2983,255,248,1,303.0,579.0,217.0,01,22,45,16,291,124,163,277,2479
3,2983,107,153,616,327.0,1145.0,502.0,01,25,22,215,94,124,194,345,2107
4,2983,69,183,551,362.0,1015.0,480.0,01,26,22,69,44,82,162,297,2180
